snapshot_ts_kyiv,instance_id,trip_key,seq,station,dev_min,forecast,scheduled,passed,is_watched
2026-10-07 18:19:21,749/750|УЖГОРОД@20261007-1819,749/750|УЖГОРОД,0,УЖГОРОД,1,,,1,0
2026-10-07 18:19:21,749/750|УЖГОРОД@20261007-1819,749/750|УЖГОРОД,1,ЧОП,1,05:46,05:45,1,0
2026-10-07 18:19:21,749/750|УЖГОРОД@20261007-1819,749/750|УЖГОРОД,2,МУКАЧЕВО,8,07:17,07:09,1,0
2026-10-07 18:19:21,749/750|УЖГОРОД@20261007-1819,749/750|УЖГОРОД,3,СВАЛЯВА,5,07:43,07:38,1,0
2026-10-07 18:19:21,749/750|УЖГОРОД@20261007-1819,749/750|УЖГОРОД,4,СТРИЙ,,09:42,09:42,1,0
2026-10-07 18:19:21,749/750|УЖГОРОД@20261007-1819,749/750|УЖГОРОД,5,ЛЬВІВ,1,10:44,10:43,1,1
2026-10-07 18:19:21,749/750|УЖГОРОД@20261007-1819,749/750|УЖГОРОД,6,ЗАБОЛОТЦІ,46,12:41,11:55,1,0
2026-10-07 18:19:21,749/750|УЖГОРОД@20261007-1819,749/750|УЖГОРОД,7,КИЇВ-ПАС.,127,19:06,16:59,0,1
2026-10-07 18:19:21,119/120|ДНІПРО-ГОЛОВНИЙ@20261007-1819,119/120|ДНІПРО-ГОЛОВНИЙ,0,ДНІПРО-ГОЛОВНИЙ,,,,1,1
2026-10-07 18:19:21,119/120|ДНІПРО-ГОЛОВНИЙ@20261007-1819,119/120|ДНІПРО-ГОЛОВНИЙ,1,КАМ'ЯНСЬКЕ-ПАС.,,20:33,20:33,1,0
2026-10-07 18:19:21,119/120|ДНІПРО-ГОЛОВНИЙ@20261007-1819,119/120|ДНІПРО-ГОЛОВНИЙ,2,ВІЛЬНОГІРСЬК,-1,21:27,21:28,1,0
2026-10-07 18:19:21,119/120|ДНІПРО-ГОЛОВНИЙ@20261007-1819,119/120|ДНІПРО-ГОЛОВНИЙ,3,П'ЯТИХАТКИ,,22:00,22:00,1,0
2026-10-07 18:19:21,119/120|ДНІПРО-ГОЛОВНИЙ@20261007-1819,119/120|ДНІПРО-ГОЛОВНИЙ,4,ОЛЕКСАНДРІЯ,-5,23:34,23:39,1,0
2026-10-07 18:19:21,119/120|ДНІПРО-ГОЛОВНИЙ@20261007-1819,119/120|ДНІПРО-ГОЛОВНИЙ,5,ЗНАМ'ЯНКА-ПАС.,-6,00:22,00:28,1,0
2026-10-07 18:19:21,119/120|ДНІПРО-ГОЛОВНИЙ@20261007-1819,119/120|ДНІПРО-ГОЛОВНИЙ,6,ІМ.ТАРАСА ШЕВЧЕНКА,-7,02:18,02:25,1,0
2026-10-07 18:19:21,119/120|ДНІПРО-ГОЛОВНИЙ@20261007-1819,119/120|ДНІПРО-ГОЛОВНИЙ,7,ЦВІТКОВЕ,-7,03:12,03:19,1,0
2026-10-07 18:19:21,119/120|ДНІПРО-ГОЛОВНИЙ@20261007-1819,119/120|ДНІПРО-ГОЛОВНИЙ,8,ОЗЕРНИЙ,-7,05:12,05:19,1,0
2026-10-07 18:19:21,119/120|ДНІПРО-ГОЛОВНИЙ@20261007-1819,119/120|ДНІПРО-ГОЛОВНИЙ,9,ПІДГІРЦІ,39,06:20,05:41,1,0
2026-10-07 18:19:21,119/120|ДНІПРО-ГОЛОВНИЙ@20261007-1819,119/120|ДНІПРО-ГОЛОВНИЙ,10,ВИДУБИЧІ-ТРИПІЛЬСЬКІ,,,05:54,1,0
2026-10-07 18:19:21,119/120|ДНІПРО-ГОЛОВНИЙ@20261007-1819,119/120|ДНІПРО-ГОЛОВНИЙ,11,КИЇВ-ПАС.,91,07:41,06:10,1,1
2026-10-07 18:19:21,119/120|ДНІПРО-ГОЛОВНИЙ@20261007-1819,119/120|ДНІПРО-ГОЛОВНИЙ,12,РІВНЕ,115,14:22,12:27,1,0
2026-10-07 18:19:21,119/120|ДНІПРО-ГОЛОВНИЙ@20261007-1819,119/120|ДНІПРО-ГОЛОВНИЙ,13,ЛЮБИТІВ,120,15:56,13:56,1,0
2026-10-07 18:19:21,119/120|ДНІПРО-ГОЛОВНИЙ@20261007-1819,119/120|ДНІПРО-ГОЛОВНИЙ,14,КОВЕЛЬ-ПАС.,122,16:08,14:06,1,0
2026-10-07 18:19:21,119/120|ДНІПРО-ГОЛОВНИЙ@20261007-1819,119/120|ДНІПРО-ГОЛОВНИЙ,15,ХЕЛМ,115,20:47,18:52,0,0
2026-10-07 18:19:21,63/64|ХАРКІВ-ПАС.@20261007-1819,63/64|ХАРКІВ-ПАС.,0,ХАРКІВ-ПАС.,,,,1,1
2026-10-07 18:19:21,63/64|ХАРКІВ-ПАС.@20261007-1819,63/64|ХАРКІВ-ПАС.,1,НОВА БАВАРІЯ,73,23:03,23:03,1,0
2026-10-07 18:19:21,63/64|ХАРКІВ-ПАС.@20261007-1819,63/64|ХАРКІВ-ПАС.,2,ЛЮБОТИН,74,00:37,23:23,1,0
2026-10-07 18:19:21,63/64|ХАРКІВ-ПАС.@20261007-1819,63/64|ХАРКІВ-ПАС.,3,ПОЛТАВА-КИЇВСЬКА,57,02:10,01:13,1,1
2026-10-07 18:19:21,63/64|ХАРКІВ-ПАС.@20261007-1819,63/64|ХАРКІВ-ПАС.,4,МИРГОРОД,29,03:32,03:03,1,0
2026-10-07 18:19:21,63/64|ХАРКІВ-ПАС.@20261007-1819,63/64|ХАРКІВ-ПАС.,5,РОМОДАН,26,03:53,03:27,1,0
2026-10-07 18:19:21,63/64|ХАРКІВ-ПАС.@20261007-1819,63/64|ХАРКІВ-ПАС.,6,ГРЕБІНКА,-5,04:43,04:48,1,0
2026-10-07 18:19:21,63/64|ХАРКІВ-ПАС.@20261007-1819,63/64|ХАРКІВ-ПАС.,7,БАРИШІВКА,-6,05:45,05:51,1,0
2026-10-07 18:19:21,63/64|ХАРКІВ-ПАС.@20261007-1819,63/64|ХАРКІВ-ПАС.,8,ДАРНИЦЯ,71,07:51,06:40,1,0
2026-10-07 18:19:21,63/64|ХАРКІВ-ПАС.@20261007-1819,63/64|ХАРКІВ-ПАС.,9,КИЇВ-ПАС.,58,08:11,07:13,1,1
2026-10-07 18:19:21,63/64|ХАРКІВ-ПАС.@20261007-1819,63/64|ХАРКІВ-ПАС.,10,СЛАВУТА-1,88,13:16,11:48,1,0
2026-10-07 18:19:21,63/64|ХАРКІВ-ПАС.@20261007-1819,63/64|ХАРКІВ-ПАС.,11,ЛЬВІВ,106,16:16,14:30,1,1
2026-10-07 18:19:21,63/64|ХАРКІВ-ПАС.@20261007-1819,63/64|ХАРКІВ-ПАС.,12,ЗАТОКА,114,17:04,15:10,1,0
2026-10-07 18:19:21,63/64|ХАРКІВ-ПАС.@20261007-1819,63/64|ХАРКІВ-ПАС.,13,ПЕРЕМИШЛЬ,115,19:54,17:59,0,0
2026-10-07 18:19:21,61/62|ДНІПРО-ГОЛОВНИЙ@20261007-1819,61/62|ДНІПРО-ГОЛОВНИЙ,0,ДНІПРО-ГОЛОВНИЙ,105,,,1,1
2026-10-07 18:19:21,61/62|ДНІПРО-ГОЛОВНИЙ@20261007-1819,61/62|ДНІПРО-ГОЛОВНИЙ,1,КАМ'ЯНСЬКЕ-ПАС.,112,17:24,15:32,1,0
2026-10-07 18:19:21,61/62|ДНІПРО-ГОЛОВНИЙ@20261007-1819,61/62|ДНІПРО-ГОЛОВНИЙ,2,ВЕРХНЬОДНІПРОВСЬК,116,17:47,15:51,1,1
2026-10-07 18:19:21,61/62|ДНІПРО-ГОЛОВНИЙ@20261007-1819,61/62|ДНІПРО-ГОЛОВНИЙ,3,ВІЛЬНОГІРСЬК,,,16:17,1,0
2026-10-07 18:19:21,61/62|ДНІПРО-ГОЛОВНИЙ@20261007-1819,61/62|ДНІПРО-ГОЛОВНИЙ,4,П'ЯТИХАТКИ,,,16:40,1,0
2026-10-07 18:19:21,61/62|ДНІПРО-ГОЛОВНИЙ@20261007-1819,61/62|ДНІПРО-ГОЛОВНИЙ,5,ОЛЕКСАНДРІЯ,113,19:50,17:57,0,0
2026-10-07 18:19:21,61/62|ДНІПРО-ГОЛОВНИЙ@20261007-1819,61/62|ДНІПРО-ГОЛОВНИЙ,6,ЗНАМ'ЯНКА-ПАС.,113,20:31,18:38,0,0
2026-10-07 18:19:21,61/62|ДНІПРО-ГОЛОВНИЙ@20261007-1819,61/62|ДНІПРО-ГОЛОВНИЙ,7,ІМ.ТАРАСА ШЕВЧЕНКА,113,21:43,19:50,0,0
2026-10-07 18:19:21,61/62|ДНІПРО-ГОЛОВНИЙ@20261007-1819,61/62|ДНІПРО-ГОЛОВНИЙ,8,БІЛА ЦЕРКВА,113,00:19,22:26,0,0
2026-10-07 18:19:21,61/62|ДНІПРО-ГОЛОВНИЙ@20261007-1819,61/62|ДНІПРО-ГОЛОВНИЙ,9,ЛЬВІВ,113,06:43,04:50,0,1
2026-10-07 18:19:21,61/62|ДНІПРО-ГОЛОВНИЙ@20261007-1819,61/62|ДНІПРО-ГОЛОВНИЙ,10,ХОДОРІВ,113,08:11,06:18,0,0
2026-10-07 18:19:21,61/62|ДНІПРО-ГОЛОВНИЙ@20261007-1819,61/62|ДНІПРО-ГОЛОВНИЙ,11,ІВАНО-ФРАНКІВСЬК,113,09:20,07:27,0,0
2026-10-07 18:19:21,261/262|ДНІПРО-ГОЛОВНИЙ@20261007-1819,261/262|ДНІПРО-ГОЛОВНИЙ,0,ДНІПРО-ГОЛОВНИЙ,105,,,1,1
2026-10-07 18:19:21,261/262|ДНІПРО-ГОЛОВНИЙ@20261007-1819,261/262|ДНІПРО-ГОЛОВНИЙ,1,КАМ'ЯНСЬКЕ-ПАС.,112,17:24,15:32,1,0
2026-10-07 18:19:21,261/262|ДНІПРО-ГОЛОВНИЙ@20261007-1819,261/262|ДНІПРО-ГОЛОВНИЙ,2,ВЕРХНЬОДНІПРОВСЬК,116,17:47,15:51,1,1
2026-10-07 18:19:21,261/262|ДНІПРО-ГОЛОВНИЙ@20261007-1819,261/262|ДНІПРО-ГОЛОВНИЙ,3,ВІЛЬНОГІРСЬК,,,16:17,1,0
2026-10-07 18:19:21,261/262|ДНІПРО-ГОЛОВНИЙ@20261007-1819,261/262|ДНІПРО-ГОЛОВНИЙ,4,П'ЯТИХАТКИ,,,16:40,1,0
2026-10-07 18:19:21,261/262|ДНІПРО-ГОЛОВНИЙ@20261007-1819,261/262|ДНІПРО-ГОЛОВНИЙ,5,ОЛЕКСАНДРІЯ,113,19:50,17:57,0,0
2026-10-07 18:19:21,261/262|ДНІПРО-ГОЛОВНИЙ@20261007-1819,261/262|ДНІПРО-ГОЛОВНИЙ,6,ЗНАМ'ЯНКА-ПАС.,113,20:31,18:38,0,0
2026-10-07 18:19:21,261/262|ДНІПРО-ГОЛОВНИЙ@20261007-1819,261/262|ДНІПРО-ГОЛОВНИЙ,7,ІМ.ТАРАСА ШЕВЧЕНКА,113,21:43,19:50,0,0
2026-10-07 18:19:21,261/262|ДНІПРО-ГОЛОВНИЙ@20261007-1819,261/262|ДНІПРО-ГОЛОВНИЙ,8,БІЛА ЦЕРКВА,113,00:19,22:26,0,0
2026-10-07 18:19:21,261/262|ДНІПРО-ГОЛОВНИЙ@20261007-1819,261/262|ДНІПРО-ГОЛОВНИЙ,9,ЛЬВІВ,113,06:43,04:50,0,1
2026-10-07 18:19:21,261/262|ДНІПРО-ГОЛОВНИЙ@20261007-1819,261/262|ДНІПРО-ГОЛОВНИЙ,10,ХОДОРІВ,113,08:11,06:18,0,0
2026-10-07 18:19:21,261/262|ДНІПРО-ГОЛОВНИЙ@20261007-1819,261/262|ДНІПРО-ГОЛОВНИЙ,11,ІВАНО-ФРАНКІВСЬК,113,09:20,07:27,0,0
2026-10-07 18:19:21,261/262|ДНІПРО-ГОЛОВНИЙ@20261007-1819,261/262|ДНІПРО-ГОЛОВНИЙ,12,КОЛОМИЯ,113,10:24,08:31,0,0
2026-10-07 18:19:21,261/262|ДНІПРО-ГОЛОВНИЙ@20261007-1819,261/262|ДНІПРО-ГОЛОВНИЙ,13,СНЯТИН,113,10:56,09:03,0,0
2026-10-07 18:19:21,261/262|ДНІПРО-ГОЛОВНИЙ@20261007-1819,261/262|ДНІПРО-ГОЛОВНИЙ,14,ЧЕРНІВЦІ,113,11:31,09:38,0,0
2026-10-07 18:19:21,9/10|БУДАПЕШТ-КЕЛЕТІ@20261007-1819,9/10|БУДАПЕШТ-КЕЛЕТІ,0,ЗАХОНЬ,,,04:37,1,0
2026-10-07 18:19:21,9/10|БУДАПЕШТ-КЕЛЕТІ@20261007-1819,9/10|БУДАПЕШТ-КЕЛЕТІ,1,ЧОП,47,06:45,05:58,1,0
2026-10-07 18:19:21,9/10|БУДАПЕШТ-КЕЛЕТІ@20261007-1819,9/10|БУДАПЕШТ-КЕЛЕТІ,2,МУКАЧЕВО,63,10:37,09:34,1,0
2026-10-07 18:19:21,9/10|БУДАПЕШТ-КЕЛЕТІ@20261007-1819,9/10|БУДАПЕШТ-КЕЛЕТІ,3,СТРИЙ,79,13:16,11:57,1,0
2026-10-07 18:19:21,9/10|БУДАПЕШТ-КЕЛЕТІ@20261007-1819,9/10|БУДАПЕШТ-КЕЛЕТІ,4,ЛЬВІВ,94,14:29,12:55,1,1
2026-10-07 18:19:21,9/10|БУДАПЕШТ-КЕЛЕТІ@20261007-1819,9/10|БУДАПЕШТ-КЕЛЕТІ,5,СУДИЛКІВ,104,17:55,16:11,1,0
2026-10-07 18:19:21,9/10|БУДАПЕШТ-КЕЛЕТІ@20261007-1819,9/10|БУДАПЕШТ-КЕЛЕТІ,6,КИЇВ-ПАС.,108,21:04,19:16,0,1
2026-10-07 18:19:21,705/706|ПЕРЕМИШЛЬ@20261007-1819,705/706|ПЕРЕМИШЛЬ,0,ПЕРЕМИШЛЬ,65,,,1,0
2026-10-07 18:19:21,705/706|ПЕРЕМИШЛЬ@20261007-1819,705/706|ПЕРЕМИШЛЬ,1,МОСТИСЬКА-1,77,10:45,09:28,1,0
2026-10-07 18:19:21,705/706|ПЕРЕМИШЛЬ@20261007-1819,705/706|ПЕРЕМИШЛЬ,2,ЛЬВІВ,86,11:41,10:15,1,1
2026-10-07 18:19:21,705/706|ПЕРЕМИШЛЬ@20261007-1819,705/706|ПЕРЕМИШЛЬ,3,ТЕРНОПІЛЬ-ПАС.,86,13:25,11:59,1,0
2026-10-07 18:19:21,705/706|ПЕРЕМИШЛЬ@20261007-1819,705/706|ПЕРЕМИШЛЬ,4,ХМЕЛЬНИЦЬКИЙ,83,14:54,13:31,1,0
2026-10-07 18:19:21,705/706|ПЕРЕМИШЛЬ@20261007-1819,705/706|ПЕРЕМИШЛЬ,5,ВІННИЦЯ,89,16:38,15:09,1,0
2026-10-07 18:19:21,705/706|ПЕРЕМИШЛЬ@20261007-1819,705/706|ПЕРЕМИШЛЬ,6,КОЗЯТИН-1,89,17:16,15:47,1,0
2026-10-07 18:19:21,705/706|ПЕРЕМИШЛЬ@20261007-1819,705/706|ПЕРЕМИШЛЬ,7,КИЇВ-ПАС.,96,19:11,17:35,0,1
2026-10-07 18:19:21,1/2|ХАРКІВ-ПАС.@20261007-1819,1/2|ХАРКІВ-ПАС.,0,ХАРКІВ-ПАС.,79,,,1,1
2026-10-07 18:19:21,1/2|ХАРКІВ-ПАС.@20261007-1819,1/2|ХАРКІВ-ПАС.,1,ПОЛТАВА-КИЇВСЬКА,63,18:04,17:01,1,1
2026-10-07 18:19:21,1/2|ХАРКІВ-ПАС.@20261007-1819,1/2|ХАРКІВ-ПАС.,2,КИЇВ-ПАС.,66,22:23,21:17,0,1
2026-10-07 18:19:21,1/2|ХАРКІВ-ПАС.@20261007-1819,1/2|ХАРКІВ-ПАС.,3,ЛЬВІВ,66,04:58,03:52,0,1
2026-10-07 18:19:21,1/2|ХАРКІВ-ПАС.@20261007-1819,1/2|ХАРКІВ-ПАС.,4,ІВАНО-ФРАНКІВСЬК,66,07:23,06:17,0,0
2026-10-07 18:19:21,1/2|ХАРКІВ-ПАС.@20261007-1819,1/2|ХАРКІВ-ПАС.,5,ЯРЕМЧЕ,66,09:04,07:58,0,0
2026-10-07 18:19:21,1/2|ХАРКІВ-ПАС.@20261007-1819,1/2|ХАРКІВ-ПАС.,6,ТАТАРІВ-БУКОВЕЛЬ,66,09:29,08:23,0,0
2026-10-07 18:19:21,1/2|ХАРКІВ-ПАС.@20261007-1819,1/2|ХАРКІВ-ПАС.,7,ВОРОХТА,66,09:43,08:37,0,0
2026-10-07 18:19:21,1/2|ХАРКІВ-ПАС.@20261007-1819,1/2|ХАРКІВ-ПАС.,8,ЯСІНЯ,66,10:17,09:11,0,0
2026-10-07 18:19:21,1/2|ХАРКІВ-ПАС.@20261007-1819,1/2|ХАРКІВ-ПАС.,9,КВАСИ,66,10:41,09:35,0,0
2026-10-07 18:19:21,1/2|ХАРКІВ-ПАС.@20261007-1819,1/2|ХАРКІВ-ПАС.,10,РАХІВ,66,11:01,09:55,0,0
2026-10-07 18:19:21,5/6|ЗАПОРІЖЖЯ-1@20261007-1819,5/6|ЗАПОРІЖЖЯ-1,0,ЗАПОРІЖЖЯ-1,,,11:00,1,0
2026-10-07 18:19:21,5/6|ЗАПОРІЖЖЯ-1@20261007-1819,5/6|ЗАПОРІЖЖЯ-1,1,СИНЕЛЬНИКОВЕ-1,,,12:27,1,0
2026-10-07 18:19:21,5/6|ЗАПОРІЖЖЯ-1@20261007-1819,5/6|ЗАПОРІЖЖЯ-1,2,ДНІПРО-ГОЛОВНИЙ,119,15:29,13:30,1,1
2026-10-07 18:19:21,5/6|ЗАПОРІЖЖЯ-1@20261007-1819,5/6|ЗАПОРІЖЖЯ-1,3,СУХАЧІВКА,125,16:33,14:28,1,0
2026-10-07 18:19:21,5/6|ЗАПОРІЖЖЯ-1@20261007-1819,5/6|ЗАПОРІЖЖЯ-1,4,КАМ'ЯНСЬКЕ-ПАС.,129,16:51,14:42,1,0
2026-10-07 18:19:21,5/6|ЗАПОРІЖЖЯ-1@20261007-1819,5/6|ЗАПОРІЖЖЯ-1,5,П'ЯТИХАТКИ,117,17:45,15:48,1,0
2026-10-07 18:19:21,5/6|ЗАПОРІЖЖЯ-1@20261007-1819,5/6|ЗАПОРІЖЖЯ-1,6,ОЛЕКСАНДРІЯ,58,19:04,18:06,0,0
2026-10-07 18:19:21,5/6|ЗАПОРІЖЖЯ-1@20261007-1819,5/6|ЗАПОРІЖЖЯ-1,7,ЗНАМ'ЯНКА-ПАС.,58,20:10,19:12,0,0
2026-10-07 18:19:21,5/6|ЗАПОРІЖЖЯ-1@20261007-1819,5/6|ЗАПОРІЖЖЯ-1,8,ІМ.ТАРАСА ШЕВЧЕНКА,58,22:01,21:03,0,0
2026-10-07 18:19:21,5/6|ЗАПОРІЖЖЯ-1@20261007-1819,5/6|ЗАПОРІЖЖЯ-1,9,БІЛА ЦЕРКВА,58,00:39,23:41,0,0
2026-10-07 18:19:21,5/6|ЗАПОРІЖЖЯ-1@20261007-1819,5/6|ЗАПОРІЖЖЯ-1,10,БЕРДИЧІВ,58,02:43,01:45,0,0
2026-10-07 18:19:21,5/6|ЗАПОРІЖЖЯ-1@20261007-1819,5/6|ЗАПОРІЖЖЯ-1,11,ЛЬВІВ,58,07:09,06:11,0,1
2026-10-07 18:19:21,5/6|ЗАПОРІЖЖЯ-1@20261007-1819,5/6|ЗАПОРІЖЖЯ-1,12,ІВАНО-ФРАНКІВСЬК,58,09:45,08:47,0,0
2026-10-07 18:19:21,5/6|ЗАПОРІЖЖЯ-1@20261007-1819,5/6|ЗАПОРІЖЖЯ-1,13,ЯРЕМЧЕ,58,11:35,10:37,0,0
2026-10-07 18:19:21,5/6|ЗАПОРІЖЖЯ-1@20261007-1819,5/6|ЗАПОРІЖЖЯ-1,14,ТАТАРІВ-БУКОВЕЛЬ,58,12:12,11:14,0,0
2026-10-07 18:19:21,5/6|ЗАПОРІЖЖЯ-1@20261007-1819,5/6|ЗАПОРІЖЖЯ-1,15,ВОРОХТА,58,12:26,11:28,0,0
2026-10-07 18:19:21,5/6|ЗАПОРІЖЖЯ-1@20261007-1819,5/6|ЗАПОРІЖЖЯ-1,16,ЯСІНЯ,58,13:06,12:08,0,0
2026-10-07 18:19:21,113/114|ХАРКІВ-ПАС.@20261007-1819,113/114|ХАРКІВ-ПАС.,0,ХАРКІВ-ПАС.,,,,1,1
2026-10-07 18:19:21,113/114|ХАРКІВ-ПАС.@20261007-1819,113/114|ХАРКІВ-ПАС.,1,ЛЮБОТИН,-4,00:25,00:29,1,0
2026-10-07 18:19:21,113/114|ХАРКІВ-ПАС.@20261007-1819,113/114|ХАРКІВ-ПАС.,2,ПОЛТАВА-КИЇВСЬКА,-20,01:58,02:18,1,1
2026-10-07 18:19:21,113/114|ХАРКІВ-ПАС.@20261007-1819,113/114|ХАРКІВ-ПАС.,3,МИРГОРОД,1,03:54,03:53,1,0
2026-10-07 18:19:21,113/114|ХАРКІВ-ПАС.@20261007-1819,113/114|ХАРКІВ-ПАС.,4,РОМОДАН,4,04:20,04:16,1,0
2026-10-07 18:19:21,113/114|ХАРКІВ-ПАС.@20261007-1819,113/114|ХАРКІВ-ПАС.,5,ЛУБНИ,14,05:01,04:47,1,0
2026-10-07 18:19:21,113/114|ХАРКІВ-ПАС.@20261007-1819,113/114|ХАРКІВ-ПАС.,6,ГРЕБІНКА,9,05:36,05:27,1,0
2026-10-07 18:19:21,113/114|ХАРКІВ-ПАС.@20261007-1819,113/114|ХАРКІВ-ПАС.,7,БЕРЕЗАНЬ,6,06:24,06:18,1,0
2026-10-07 18:19:21,113/114|ХАРКІВ-ПАС.@20261007-1819,113/114|ХАРКІВ-ПАС.,8,БОРИСПІЛЬ,63,07:45,06:42,1,0
2026-10-07 18:19:21,113/114|ХАРКІВ-ПАС.@20261007-1819,113/114|ХАРКІВ-ПАС.,9,ДАРНИЦЯ,66,08:12,07:06,1,0
2026-10-07 18:19:21,113/114|ХАРКІВ-ПАС.@20261007-1819,113/114|ХАРКІВ-ПАС.,10,КИЇВ-ПАС.,71,08:38,07:27,1,1
2026-10-07 18:19:21,113/114|ХАРКІВ-ПАС.@20261007-1819,113/114|ХАРКІВ-ПАС.,11,ФАСТІВ-1,101,10:22,08:41,1,0
2026-10-07 18:19:21,113/114|ХАРКІВ-ПАС.@20261007-1819,113/114|ХАРКІВ-ПАС.,12,ЖИТОМИР,93,11:53,10:20,1,0
2026-10-07 18:19:21,113/114|ХАРКІВ-ПАС.@20261007-1819,113/114|ХАРКІВ-ПАС.,13,ЧУДНІВ-ВОЛИНСЬКИЙ,50,13:46,12:56,1,0
2026-10-07 18:19:21,113/114|ХАРКІВ-ПАС.@20261007-1819,113/114|ХАРКІВ-ПАС.,14,ШЕПЕТІВКА,42,14:46,14:04,1,0
2026-10-07 18:19:21,113/114|ХАРКІВ-ПАС.@20261007-1819,113/114|ХАРКІВ-ПАС.,15,ЗДОЛБУНІВ-ПАС.,53,16:00,15:07,1,0
2026-10-07 18:19:21,113/114|ХАРКІВ-ПАС.@20261007-1819,113/114|ХАРКІВ-ПАС.,16,РІВНЕ,38,16:15,15:37,1,0
2026-10-07 18:19:21,113/114|ХАРКІВ-ПАС.@20261007-1819,113/114|ХАРКІВ-ПАС.,17,КЛЕВАНЬ,46,16:44,15:58,1,0
2026-10-07 18:19:21,113/114|ХАРКІВ-ПАС.@20261007-1819,113/114|ХАРКІВ-ПАС.,18,КІВЕРЦІ,48,17:22,16:34,1,0
2026-10-07 18:19:21,113/114|ХАРКІВ-ПАС.@20261007-1819,113/114|ХАРКІВ-ПАС.,19,ЛУЦЬК,55,17:45,16:50,1,0
2026-10-07 18:19:21,113/114|ХАРКІВ-ПАС.@20261007-1819,113/114|ХАРКІВ-ПАС.,20,РОЖИЩЕ,55,18:54,17:59,0,0
2026-10-07 18:19:21,113/114|ХАРКІВ-ПАС.@20261007-1819,113/114|ХАРКІВ-ПАС.,21,КОВЕЛЬ-ПАС.,55,19:46,18:51,0,0
2026-10-07 18:19:21,113/114|ХАРКІВ-ПАС.@20261007-1819,113/114|ХАРКІВ-ПАС.,22,ТУРІЙСЬК,55,20:29,19:34,0,0
2026-10-07 18:19:21,113/114|ХАРКІВ-ПАС.@20261007-1819,113/114|ХАРКІВ-ПАС.,23,ВОЛОДИМИР,55,20:57,20:02,0,0
2026-10-07 18:19:21,113/114|ХАРКІВ-ПАС.@20261007-1819,113/114|ХАРКІВ-ПАС.,24,ІВАНИЧІ,55,21:32,20:37,0,0
2026-10-07 18:19:21,113/114|ХАРКІВ-ПАС.@20261007-1819,113/114|ХАРКІВ-ПАС.,25,СОКАЛЬ,55,22:00,21:05,0,0
2026-10-07 18:19:21,113/114|ХАРКІВ-ПАС.@20261007-1819,113/114|ХАРКІВ-ПАС.,26,ШЕПТИЦЬКИЙ,55,22:16,21:21,0,0
2026-10-07 18:19:21,113/114|ХАРКІВ-ПАС.@20261007-1819,113/114|ХАРКІВ-ПАС.,27,СОСНІВКА,55,22:42,21:47,0,0
2026-10-07 18:19:21,113/114|ХАРКІВ-ПАС.@20261007-1819,113/114|ХАРКІВ-ПАС.,28,ПІДЗАМЧЕ,55,23:55,23:00,0,0
2026-10-07 18:19:21,113/114|ХАРКІВ-ПАС.@20261007-1819,113/114|ХАРКІВ-ПАС.,29,ЛЬВІВ,55,00:13,23:18,0,1
2026-10-07 18:19:21,113/114|ХАРКІВ-ПАС.@20261007-1819,113/114|ХАРКІВ-ПАС.,30,СТРИЙ,55,01:46,00:51,0,0
2026-10-07 18:19:21,113/114|ХАРКІВ-ПАС.@20261007-1819,113/114|ХАРКІВ-ПАС.,31,СКОЛЕ,55,02:31,01:36,0,0
2026-10-07 18:19:21,113/114|ХАРКІВ-ПАС.@20261007-1819,113/114|ХАРКІВ-ПАС.,32,СЛАВСЬКО,55,03:07,02:12,0,0
2026-10-07 18:19:21,113/114|ХАРКІВ-ПАС.@20261007-1819,113/114|ХАРКІВ-ПАС.,33,ЛАВОЧНЕ,55,03:25,02:30,0,0
2026-10-07 18:19:21,113/114|ХАРКІВ-ПАС.@20261007-1819,113/114|ХАРКІВ-ПАС.,34,ВОЛОВЕЦЬ,55,04:12,03:17,0,0
2026-10-07 18:19:21,113/114|ХАРКІВ-ПАС.@20261007-1819,113/114|ХАРКІВ-ПАС.,35,СВАЛЯВА,55,04:54,03:59,0,0
2026-10-07 18:19:21,113/114|ХАРКІВ-ПАС.@20261007-1819,113/114|ХАРКІВ-ПАС.,36,КАРПАТИ,55,05:17,04:22,0,0
2026-10-07 18:19:21,113/114|ХАРКІВ-ПАС.@20261007-1819,113/114|ХАРКІВ-ПАС.,37,МУКАЧЕВО,55,05:36,04:41,0,0
2026-10-07 18:19:21,113/114|ХАРКІВ-ПАС.@20261007-1819,113/114|ХАРКІВ-ПАС.,38,БАТЬОВО-ПАС.,55,06:22,05:27,0,0
2026-10-07 18:19:21,113/114|ХАРКІВ-ПАС.@20261007-1819,113/114|ХАРКІВ-ПАС.,39,ЧОП,55,06:57,06:02,0,0
2026-10-07 18:19:21,113/114|ХАРКІВ-ПАС.@20261007-1819,113/114|ХАРКІВ-ПАС.,40,УЖГОРОД,55,07:46,06:51,0,0
2026-10-07 18:19:21,9/10|КИЇВ-ПАС.@20261007-1819,9/10|КИЇВ-ПАС.,0,КИЇВ-ПАС.,21,,,1,1
2026-10-07 18:19:21,9/10|КИЇВ-ПАС.@20261007-1819,9/10|КИЇВ-ПАС.,1,ЛЬВІВ,51,17:13,16:22,1,1
2026-10-07 18:19:21,9/10|КИЇВ-ПАС.@20261007-1819,9/10|КИЇВ-ПАС.,2,ГЛИННА-НАВАРІЯ,52,17:53,17:01,1,0
2026-10-07 18:19:21,9/10|КИЇВ-ПАС.@20261007-1819,9/10|КИЇВ-ПАС.,3,МУКАЧЕВО,52,20:58,20:06,0,0
2026-10-07 18:19:21,9/10|КИЇВ-ПАС.@20261007-1819,9/10|КИЇВ-ПАС.,4,ЧОП,52,21:46,20:54,0,0
2026-10-07 18:19:21,5/6|ЯСІНЯ@20261007-1819,5/6|ЯСІНЯ,0,ЯСІНЯ,87,,,1,0
2026-10-07 18:19:21,5/6|ЯСІНЯ@20261007-1819,5/6|ЯСІНЯ,1,ВОРОХТА,84,14:52,13:28,1,0
2026-10-07 18:19:21,5/6|ЯСІНЯ@20261007-1819,5/6|ЯСІНЯ,2,ТАТАРІВ-БУКОВЕЛЬ,,,13:39,1,0
2026-10-07 18:19:21,5/6|ЯСІНЯ@20261007-1819,5/6|ЯСІНЯ,3,ЯРЕМЧЕ,83,15:27,14:04,1,0
2026-10-07 18:19:21,5/6|ЯСІНЯ@20261007-1819,5/6|ЯСІНЯ,4,ІВАНО-ФРАНКІВСЬК,75,16:29,15:14,1,0
2026-10-07 18:19:21,5/6|ЯСІНЯ@20261007-1819,5/6|ЯСІНЯ,5,ЛЬВІВ,50,18:41,17:51,0,1
2026-10-07 18:19:21,5/6|ЯСІНЯ@20261007-1819,5/6|ЯСІНЯ,6,КРИВИН,50,22:11,21:21,0,0
2026-10-07 18:19:21,5/6|ЯСІНЯ@20261007-1819,5/6|ЯСІНЯ,7,ШЕПЕТІВКА,50,22:38,21:48,0,0
2026-10-07 18:19:21,5/6|ЯСІНЯ@20261007-1819,5/6|ЯСІНЯ,8,ПОЛОННЕ,50,23:07,22:17,0,0
2026-10-07 18:19:21,5/6|ЯСІНЯ@20261007-1819,5/6|ЯСІНЯ,9,БЕРДИЧІВ,50,00:08,23:18,0,0
2026-10-07 18:19:21,5/6|ЯСІНЯ@20261007-1819,5/6|ЯСІНЯ,10,БІЛА ЦЕРКВА,50,02:10,01:20,0,0
2026-10-07 18:19:21,5/6|ЯСІНЯ@20261007-1819,5/6|ЯСІНЯ,11,ІМ.ТАРАСА ШЕВЧЕНКА,50,04:28,03:38,0,0
2026-10-07 18:19:21,5/6|ЯСІНЯ@20261007-1819,5/6|ЯСІНЯ,12,ЗНАМ'ЯНКА-ПАС.,50,05:35,04:45,0,0
2026-10-07 18:19:21,5/6|ЯСІНЯ@20261007-1819,5/6|ЯСІНЯ,13,ОЛЕКСАНДРІЯ,50,06:22,05:32,0,0
2026-10-07 18:19:21,5/6|ЯСІНЯ@20261007-1819,5/6|ЯСІНЯ,14,П'ЯТИХАТКИ,50,07:38,06:48,0,0
2026-10-07 18:19:21,5/6|ЯСІНЯ@20261007-1819,5/6|ЯСІНЯ,15,КАМ'ЯНСЬКЕ-ПАС.,50,08:32,07:42,0,0
2026-10-07 18:19:21,5/6|ЯСІНЯ@20261007-1819,5/6|ЯСІНЯ,16,ДНІПРО-ГОЛОВНИЙ,50,09:04,08:14,0,1
2026-10-07 18:19:21,5/6|ЯСІНЯ@20261007-1819,5/6|ЯСІНЯ,17,СИНЕЛЬНИКОВЕ-1,50,10:36,09:46,0,0
2026-10-07 18:19:21,5/6|ЯСІНЯ@20261007-1819,5/6|ЯСІНЯ,18,ЗАПОРІЖЖЯ-1,50,11:31,10:41,0,0
2026-10-07 18:19:21,749/750|КИЇВ-ПАС.@20261007-1819,749/750|КИЇВ-ПАС.,0,КИЇВ-ПАС.,,,,1,1
2026-10-07 18:19:21,749/750|КИЇВ-ПАС.@20261007-1819,749/750|КИЇВ-ПАС.,1,КОЖАНКА,1,13:56,13:55,1,0
2026-10-07 18:19:21,749/750|КИЇВ-ПАС.@20261007-1819,749/750|КИЇВ-ПАС.,2,ЛЬВІВ,50,19:41,18:51,0,1
2026-10-07 18:19:21,749/750|КИЇВ-ПАС.@20261007-1819,749/750|КИЇВ-ПАС.,3,СТРИЙ,50,21:04,20:14,0,0
2026-10-07 18:19:21,749/750|КИЇВ-ПАС.@20261007-1819,749/750|КИЇВ-ПАС.,4,СВАЛЯВА,50,23:13,22:23,0,0
2026-10-07 18:19:21,749/750|КИЇВ-ПАС.@20261007-1819,749/750|КИЇВ-ПАС.,5,МУКАЧЕВО,50,23:37,22:47,0,0
2026-10-07 18:19:21,749/750|КИЇВ-ПАС.@20261007-1819,749/750|КИЇВ-ПАС.,6,ЧОП,50,00:27,23:37,0,0
2026-10-07 18:19:21,749/750|КИЇВ-ПАС.@20261007-1819,749/750|КИЇВ-ПАС.,7,УЖГОРОД,50,01:13,00:23,0,0
2026-10-07 18:19:21,31/32|ЗАПОРІЖЖЯ-1@20261007-1819,31/32|ЗАПОРІЖЖЯ-1,0,ЗАПОРІЖЖЯ-1,,,11:00,1,0
2026-10-07 18:19:21,31/32|ЗАПОРІЖЖЯ-1@20261007-1819,31/32|ЗАПОРІЖЖЯ-1,1,СИНЕЛЬНИКОВЕ-1,,,12:27,1,0
2026-10-07 18:19:21,31/32|ЗАПОРІЖЖЯ-1@20261007-1819,31/32|ЗАПОРІЖЖЯ-1,2,ДНІПРО-ГОЛОВНИЙ,106,15:16,13:30,1,1
2026-10-07 18:19:21,31/32|ЗАПОРІЖЖЯ-1@20261007-1819,31/32|ЗАПОРІЖЖЯ-1,3,СУХАЧІВКА,113,16:33,14:40,1,0
2026-10-07 18:19:21,31/32|ЗАПОРІЖЖЯ-1@20261007-1819,31/32|ЗАПОРІЖЖЯ-1,4,КАМ'ЯНСЬКЕ-ПАС.,117,16:51,14:54,1,0
2026-10-07 18:19:21,31/32|ЗАПОРІЖЖЯ-1@20261007-1819,31/32|ЗАПОРІЖЖЯ-1,5,П'ЯТИХАТКИ,107,17:45,15:58,1,0
2026-10-07 18:19:21,31/32|ЗАПОРІЖЖЯ-1@20261007-1819,31/32|ЗАПОРІЖЖЯ-1,6,ОЛЕКСАНДРІЯ,,,17:16,1,0
2026-10-07 18:19:21,31/32|ЗАПОРІЖЖЯ-1@20261007-1819,31/32|ЗАПОРІЖЖЯ-1,7,ЗНАМ'ЯНКА-ПАС.,45,18:40,17:55,0,0
2026-10-07 18:19:21,31/32|ЗАПОРІЖЖЯ-1@20261007-1819,31/32|ЗАПОРІЖЖЯ-1,8,ІМ.ТАРАСА ШЕВЧЕНКА,45,21:22,20:37,0,0
2026-10-07 18:19:21,31/32|ЗАПОРІЖЖЯ-1@20261007-1819,31/32|ЗАПОРІЖЖЯ-1,9,БІЛА ЦЕРКВА,45,00:00,23:15,0,0
2026-10-07 18:19:21,31/32|ЗАПОРІЖЖЯ-1@20261007-1819,31/32|ЗАПОРІЖЖЯ-1,10,БЕРДИЧІВ,45,02:10,01:25,0,0
2026-10-07 18:19:21,31/32|ЗАПОРІЖЖЯ-1@20261007-1819,31/32|ЗАПОРІЖЖЯ-1,11,ЛЬВІВ,45,06:32,05:47,0,1
2026-10-07 18:19:21,31/32|ЗАПОРІЖЖЯ-1@20261007-1819,31/32|ЗАПОРІЖЖЯ-1,12,ПЕРЕМИШЛЬ,45,10:04,09:19,0,0
2026-10-07 18:19:21,293/294|ВОРОХТА@20261007-1819,293/294|ВОРОХТА,0,ВОРОХТА,38,,,1,0
2026-10-07 18:19:21,293/294|ВОРОХТА@20261007-1819,293/294|ВОРОХТА,1,ТАТАРІВ-БУКОВЕЛЬ,,,16:50,1,0
2026-10-07 18:19:21,293/294|ВОРОХТА@20261007-1819,293/294|ВОРОХТА,2,МИКУЛИЧИН,35,17:40,17:05,1,0
2026-10-07 18:19:21,293/294|ВОРОХТА@20261007-1819,293/294|ВОРОХТА,3,ЯРЕМЧЕ,33,17:52,17:19,1,0
2026-10-07 18:19:21,293/294|ВОРОХТА@20261007-1819,293/294|ВОРОХТА,4,ІВАНО-ФРАНКІВСЬК,33,19:02,18:29,0,0
2026-10-07 18:19:21,293/294|ВОРОХТА@20261007-1819,293/294|ВОРОХТА,5,ЛЬВІВ,33,22:15,21:42,0,1
2026-10-07 18:19:21,293/294|ВОРОХТА@20261007-1819,293/294|ВОРОХТА,6,БІЛА ЦЕРКВА,33,04:46,04:13,0,0
2026-10-07 18:19:21,293/294|ВОРОХТА@20261007-1819,293/294|ВОРОХТА,7,ІМ.ТАРАСА ШЕВЧЕНКА,33,07:11,06:38,0,0
2026-10-07 18:19:21,293/294|ВОРОХТА@20261007-1819,293/294|ВОРОХТА,8,ДОЛИНСЬКА,33,09:36,09:03,0,0
2026-10-07 18:19:21,293/294|ВОРОХТА@20261007-1819,293/294|ВОРОХТА,9,КРИВИЙ РІГ-ГОЛОВНИЙ,33,11:23,10:50,0,0
2026-10-07 18:19:21,143/144|ЯСІНЯ@20261007-1819,143/144|ЯСІНЯ,0,ЯСІНЯ,33,,,1,0
2026-10-07 18:19:21,143/144|ЯСІНЯ@20261007-1819,143/144|ЯСІНЯ,1,ВОРОХТА,32,15:13,14:41,1,0
2026-10-07 18:19:21,143/144|ЯСІНЯ@20261007-1819,143/144|ЯСІНЯ,2,ТАТАРІВ-БУКОВЕЛЬ,,,14:53,1,0
2026-10-07 18:19:21,143/144|ЯСІНЯ@20261007-1819,143/144|ЯСІНЯ,3,ЯРЕМЧЕ,34,15:51,15:17,1,0
2026-10-07 18:19:21,143/144|ЯСІНЯ@20261007-1819,143/144|ЯСІНЯ,4,ІВАНО-ФРАНКІВСЬК,31,16:54,16:23,1,0
2026-10-07 18:19:21,143/144|ЯСІНЯ@20261007-1819,143/144|ЯСІНЯ,5,БУРШТИН,24,17:34,17:10,1,0
2026-10-07 18:19:21,143/144|ЯСІНЯ@20261007-1819,143/144|ЯСІНЯ,6,БУКАЧІВЦІ,25,17:46,17:21,1,0
2026-10-07 18:19:21,143/144|ЯСІНЯ@20261007-1819,143/144|ЯСІНЯ,7,ХОДОРІВ,30,18:08,17:38,1,0
2026-10-07 18:19:21,143/144|ЯСІНЯ@20261007-1819,143/144|ЯСІНЯ,8,ЛЬВІВ,29,19:06,18:37,0,1
2026-10-07 18:19:21,143/144|ЯСІНЯ@20261007-1819,143/144|ЯСІНЯ,9,ПІДЗАМЧЕ,29,19:38,19:09,0,0
2026-10-07 18:19:21,143/144|ЯСІНЯ@20261007-1819,143/144|ЯСІНЯ,10,ТЕРНОПІЛЬ-ПАС.,29,21:30,21:01,0,0
2026-10-07 18:19:21,143/144|ЯСІНЯ@20261007-1819,143/144|ЯСІНЯ,11,ПІДВОЛОЧИСЬК,29,22:23,21:54,0,0
2026-10-07 18:19:21,143/144|ЯСІНЯ@20261007-1819,143/144|ЯСІНЯ,12,ХМЕЛЬНИЦЬКИЙ,29,23:15,22:46,0,0
2026-10-07 18:19:21,143/144|ЯСІНЯ@20261007-1819,143/144|ЯСІНЯ,13,ВІННИЦЯ,29,01:31,01:02,0,0
2026-10-07 18:19:21,143/144|ЯСІНЯ@20261007-1819,143/144|ЯСІНЯ,14,КОЗЯТИН-1,29,02:31,02:02,0,0
2026-10-07 18:19:21,143/144|ЯСІНЯ@20261007-1819,143/144|ЯСІНЯ,15,КИЇВ-ПАС.,29,04:58,04:29,0,1
2026-10-07 18:19:21,143/144|ЯСІНЯ@20261007-1819,143/144|ЯСІНЯ,16,ДАРНИЦЯ,29,05:45,05:16,0,0
2026-10-07 18:19:21,143/144|ЯСІНЯ@20261007-1819,143/144|ЯСІНЯ,17,БРОВАРИ,29,06:07,05:38,0,0
2026-10-07 18:19:21,143/144|ЯСІНЯ@20261007-1819,143/144|ЯСІНЯ,18,НІЖИН,29,07:46,07:17,0,0
2026-10-07 18:19:21,143/144|ЯСІНЯ@20261007-1819,143/144|ЯСІНЯ,19,БАХМАЧ-ПАС.,29,08:56,08:27,0,0
2026-10-07 18:19:21,143/144|ЯСІНЯ@20261007-1819,143/144|ЯСІНЯ,20,КОНОТОП-ПАС.,29,10:09,09:40,0,0
2026-10-07 18:45:51,85/86|ДНІПРО-ГОЛОВНИЙ@20261007-1819,85/86|ДНІПРО-ГОЛОВНИЙ,0,ДНІПРО-ГОЛОВНИЙ,,,14:40,1,1
2026-10-07 18:45:51,85/86|ДНІПРО-ГОЛОВНИЙ@20261007-1819,85/86|ДНІПРО-ГОЛОВНИЙ,1,КАМ'ЯНСЬКЕ-ПАС.,,,15:19,1,0
2026-10-07 18:45:51,85/86|ДНІПРО-ГОЛОВНИЙ@20261007-1819,85/86|ДНІПРО-ГОЛОВНИЙ,2,ВЕРХНЬОДНІПРОВСЬК,,,16:01,1,1
2026-10-07 18:45:51,85/86|ДНІПРО-ГОЛОВНИЙ@20261007-1819,85/86|ДНІПРО-ГОЛОВНИЙ,3,ВІЛЬНОГІРСЬК,,,16:35,1,0
2026-10-07 18:45:51,85/86|ДНІПРО-ГОЛОВНИЙ@20261007-1819,85/86|ДНІПРО-ГОЛОВНИЙ,4,П'ЯТИХАТКИ,,,17:07,1,0
2026-10-07 18:45:51,85/86|ДНІПРО-ГОЛОВНИЙ@20261007-1819,85/86|ДНІПРО-ГОЛОВНИЙ,5,ОЛЕКСАНДРІЯ,240,22:42,18:42,0,0
2026-10-07 18:45:51,85/86|ДНІПРО-ГОЛОВНИЙ@20261007-1819,85/86|ДНІПРО-ГОЛОВНИЙ,6,КОРИСТІВКА,240,23:00,19:00,0,0
2026-10-07 18:45:51,85/86|ДНІПРО-ГОЛОВНИЙ@20261007-1819,85/86|ДНІПРО-ГОЛОВНИЙ,7,ЗНАМ'ЯНКА-ПАС.,240,23:48,19:48,0,0
2026-10-07 18:45:51,85/86|ДНІПРО-ГОЛОВНИЙ@20261007-1819,85/86|ДНІПРО-ГОЛОВНИЙ,8,ФУНДУКЛІЇВКА,240,00:52,20:52,0,0
2026-10-07 18:45:51,85/86|ДНІПРО-ГОЛОВНИЙ@20261007-1819,85/86|ДНІПРО-ГОЛОВНИЙ,9,КАМ'ЯНКА,240,01:08,21:08,0,0
2026-10-07 18:45:51,85/86|ДНІПРО-ГОЛОВНИЙ@20261007-1819,85/86|ДНІПРО-ГОЛОВНИЙ,10,ІМ.ТАРАСА ШЕВЧЕНКА,240,01:31,21:31,0,0
2026-10-07 18:45:51,85/86|ДНІПРО-ГОЛОВНИЙ@20261007-1819,85/86|ДНІПРО-ГОЛОВНИЙ,11,ГОРОДИЩЕ,240,02:36,22:36,0,0
2026-10-07 18:45:51,85/86|ДНІПРО-ГОЛОВНИЙ@20261007-1819,85/86|ДНІПРО-ГОЛОВНИЙ,12,КОРСУНЬ,240,02:58,22:58,0,0
2026-10-07 18:45:51,85/86|ДНІПРО-ГОЛОВНИЙ@20261007-1819,85/86|ДНІПРО-ГОЛОВНИЙ,13,МИРОНІВКА,240,03:37,23:37,0,0
2026-10-07 18:45:51,85/86|ДНІПРО-ГОЛОВНИЙ@20261007-1819,85/86|ДНІПРО-ГОЛОВНИЙ,14,БІЛА ЦЕРКВА,240,04:29,00:29,0,0
2026-10-07 18:45:51,85/86|ДНІПРО-ГОЛОВНИЙ@20261007-1819,85/86|ДНІПРО-ГОЛОВНИЙ,15,КОЗЯТИН-1,240,06:00,02:00,0,0
2026-10-07 18:45:51,85/86|ДНІПРО-ГОЛОВНИЙ@20261007-1819,85/86|ДНІПРО-ГОЛОВНИЙ,16,КАЛИНІВКА-1,240,06:44,02:44,0,0
2026-10-07 18:45:51,85/86|ДНІПРО-ГОЛОВНИЙ@20261007-1819,85/86|ДНІПРО-ГОЛОВНИЙ,17,ВІННИЦЯ,240,07:06,03:06,0,0
2026-10-07 18:45:51,85/86|ДНІПРО-ГОЛОВНИЙ@20261007-1819,85/86|ДНІПРО-ГОЛОВНИЙ,18,БРАЇЛІВ,240,07:43,03:43,0,0
2026-10-07 18:45:51,85/86|ДНІПРО-ГОЛОВНИЙ@20261007-1819,85/86|ДНІПРО-ГОЛОВНИЙ,19,ХМЕЛЬНИЦЬКИЙ,240,09:08,05:08,0,0
2026-10-07 18:45:51,85/86|ДНІПРО-ГОЛОВНИЙ@20261007-1819,85/86|ДНІПРО-ГОЛОВНИЙ,20,ВОЛОЧИСЬК,240,10:16,06:16,0,0
2026-10-07 18:45:51,85/86|ДНІПРО-ГОЛОВНИЙ@20261007-1819,85/86|ДНІПРО-ГОЛОВНИЙ,21,ПІДВОЛОЧИСЬК,240,10:26,06:26,0,0
2026-10-07 18:45:51,85/86|ДНІПРО-ГОЛОВНИЙ@20261007-1819,85/86|ДНІПРО-ГОЛОВНИЙ,22,ТЕРНОПІЛЬ-ПАС.,240,11:18,07:18,0,0
2026-10-07 18:45:51,85/86|ДНІПРО-ГОЛОВНИЙ@20261007-1819,85/86|ДНІПРО-ГОЛОВНИЙ,23,ЗЛОЧІВ,240,12:21,08:21,0,0
2026-10-07 18:45:51,85/86|ДНІПРО-ГОЛОВНИЙ@20261007-1819,85/86|ДНІПРО-ГОЛОВНИЙ,24,КРАСНЕ,240,12:47,08:47,0,0
2026-10-07 18:45:51,85/86|ДНІПРО-ГОЛОВНИЙ@20261007-1819,85/86|ДНІПРО-ГОЛОВНИЙ,25,ПІДЗАМЧЕ,240,13:20,09:20,0,0
2026-10-07 18:45:51,85/86|ДНІПРО-ГОЛОВНИЙ@20261007-1819,85/86|ДНІПРО-ГОЛОВНИЙ,26,ЛЬВІВ,240,13:33,09:33,0,1
2026-10-07 18:45:51,41/42|ДНІПРО-ГОЛОВНИЙ@20261007-1819,41/42|ДНІПРО-ГОЛОВНИЙ,0,ДНІПРО-ГОЛОВНИЙ,,,14:40,1,1
2026-10-07 18:45:51,41/42|ДНІПРО-ГОЛОВНИЙ@20261007-1819,41/42|ДНІПРО-ГОЛОВНИЙ,1,КАМ'ЯНСЬКЕ-ПАС.,,,15:19,1,0
2026-10-07 18:45:51,41/42|ДНІПРО-ГОЛОВНИЙ@20261007-1819,41/42|ДНІПРО-ГОЛОВНИЙ,2,ВЕРХНЬОДНІПРОВСЬК,,,16:01,1,1
2026-10-07 18:45:51,41/42|ДНІПРО-ГОЛОВНИЙ@20261007-1819,41/42|ДНІПРО-ГОЛОВНИЙ,3,ВІЛЬНОГІРСЬК,,,16:35,1,0
2026-10-07 18:45:51,41/42|ДНІПРО-ГОЛОВНИЙ@20261007-1819,41/42|ДНІПРО-ГОЛОВНИЙ,4,П'ЯТИХАТКИ,,,17:07,1,0
2026-10-07 18:45:51,41/42|ДНІПРО-ГОЛОВНИЙ@20261007-1819,41/42|ДНІПРО-ГОЛОВНИЙ,5,ОЛЕКСАНДРІЯ,240,22:42,18:42,0,0
2026-10-07 18:45:51,41/42|ДНІПРО-ГОЛОВНИЙ@20261007-1819,41/42|ДНІПРО-ГОЛОВНИЙ,6,КОРИСТІВКА,240,23:00,19:00,0,0
2026-10-07 18:45:51,41/42|ДНІПРО-ГОЛОВНИЙ@20261007-1819,41/42|ДНІПРО-ГОЛОВНИЙ,7,ЗНАМ'ЯНКА-ПАС.,240,23:48,19:48,0,0
2026-10-07 18:45:51,41/42|ДНІПРО-ГОЛОВНИЙ@20261007-1819,41/42|ДНІПРО-ГОЛОВНИЙ,8,ФУНДУКЛІЇВКА,240,00:52,20:52,0,0
2026-10-07 18:45:51,41/42|ДНІПРО-ГОЛОВНИЙ@20261007-1819,41/42|ДНІПРО-ГОЛОВНИЙ,9,КАМ'ЯНКА,240,01:08,21:08,0,0
2026-10-07 18:45:51,41/42|ДНІПРО-ГОЛОВНИЙ@20261007-1819,41/42|ДНІПРО-ГОЛОВНИЙ,10,ІМ.ТАРАСА ШЕВЧЕНКА,240,01:31,21:31,0,0
2026-10-07 18:45:51,41/42|ДНІПРО-ГОЛОВНИЙ@20261007-1819,41/42|ДНІПРО-ГОЛОВНИЙ,11,ГОРОДИЩЕ,240,02:36,22:36,0,0
2026-10-07 18:45:51,41/42|ДНІПРО-ГОЛОВНИЙ@20261007-1819,41/42|ДНІПРО-ГОЛОВНИЙ,12,КОРСУНЬ,240,02:58,22:58,0,0
2026-10-07 18:45:51,41/42|ДНІПРО-ГОЛОВНИЙ@20261007-1819,41/42|ДНІПРО-ГОЛОВНИЙ,13,МИРОНІВКА,240,03:37,23:37,0,0
2026-10-07 18:45:51,41/42|ДНІПРО-ГОЛОВНИЙ@20261007-1819,41/42|ДНІПРО-ГОЛОВНИЙ,14,БІЛА ЦЕРКВА,240,04:29,00:29,0,0
2026-10-07 18:45:51,41/42|ДНІПРО-ГОЛОВНИЙ@20261007-1819,41/42|ДНІПРО-ГОЛОВНИЙ,15,КОЗЯТИН-1,240,06:00,02:00,0,0
2026-10-07 18:45:51,41/42|ДНІПРО-ГОЛОВНИЙ@20261007-1819,41/42|ДНІПРО-ГОЛОВНИЙ,16,КАЛИНІВКА-1,240,06:44,02:44,0,0
2026-10-07 18:45:51,41/42|ДНІПРО-ГОЛОВНИЙ@20261007-1819,41/42|ДНІПРО-ГОЛОВНИЙ,17,ВІННИЦЯ,240,07:06,03:06,0,0
2026-10-07 18:45:51,41/42|ДНІПРО-ГОЛОВНИЙ@20261007-1819,41/42|ДНІПРО-ГОЛОВНИЙ,18,БРАЇЛІВ,240,07:43,03:43,0,0
2026-10-07 18:45:51,41/42|ДНІПРО-ГОЛОВНИЙ@20261007-1819,41/42|ДНІПРО-ГОЛОВНИЙ,19,ХМЕЛЬНИЦЬКИЙ,240,09:08,05:08,0,0
2026-10-07 18:45:51,41/42|ДНІПРО-ГОЛОВНИЙ@20261007-1819,41/42|ДНІПРО-ГОЛОВНИЙ,20,ВОЛОЧИСЬК,240,10:16,06:16,0,0
2026-10-07 18:45:51,41/42|ДНІПРО-ГОЛОВНИЙ@20261007-1819,41/42|ДНІПРО-ГОЛОВНИЙ,21,ПІДВОЛОЧИСЬК,240,10:26,06:26,0,0
2026-10-07 18:45:51,41/42|ДНІПРО-ГОЛОВНИЙ@20261007-1819,41/42|ДНІПРО-ГОЛОВНИЙ,22,ТЕРНОПІЛЬ-ПАС.,240,11:18,07:18,0,0
2026-10-07 18:45:51,41/42|ДНІПРО-ГОЛОВНИЙ@20261007-1819,41/42|ДНІПРО-ГОЛОВНИЙ,23,ЗЛОЧІВ,240,12:21,08:21,0,0
2026-10-07 18:45:51,41/42|ДНІПРО-ГОЛОВНИЙ@20261007-1819,41/42|ДНІПРО-ГОЛОВНИЙ,24,КРАСНЕ,240,12:47,08:47,0,0
2026-10-07 18:45:51,41/42|ДНІПРО-ГОЛОВНИЙ@20261007-1819,41/42|ДНІПРО-ГОЛОВНИЙ,25,ПІДЗАМЧЕ,240,13:20,09:20,0,0
2026-10-07 18:45:51,41/42|ДНІПРО-ГОЛОВНИЙ@20261007-1819,41/42|ДНІПРО-ГОЛОВНИЙ,26,ЛЬВІВ,240,13:33,09:33,0,1
2026-10-07 18:45:51,41/42|ДНІПРО-ГОЛОВНИЙ@20261007-1819,41/42|ДНІПРО-ГОЛОВНИЙ,27,ДРОГОБИЧ,240,15:27,11:27,0,0
2026-10-07 18:45:51,41/42|ДНІПРО-ГОЛОВНИЙ@20261007-1819,41/42|ДНІПРО-ГОЛОВНИЙ,28,ТРУСКАВЕЦЬ,240,16:10,12:10,0,0
2026-10-07 18:45:51,749/750|УЖГОРОД@20261007-1819,749/750|УЖГОРОД,7,ФАСТІВ-1,131,18:23,16:12,1,0
2026-10-07 18:45:51,749/750|УЖГОРОД@20261007-1819,749/750|УЖГОРОД,8,КИЇВ-ПАС.,132,19:11,16:59,0,1
2026-10-07 18:45:51,61/62|ДНІПРО-ГОЛОВНИЙ@20261007-1819,61/62|ДНІПРО-ГОЛОВНИЙ,3,ВІЛЬНОГІРСЬК,145,18:42,16:17,1,0
2026-10-07 18:45:51,61/62|ДНІПРО-ГОЛОВНИЙ@20261007-1819,61/62|ДНІПРО-ГОЛОВНИЙ,5,ОЛЕКСАНДРІЯ,,,17:57,1,0
2026-10-07 18:45:51,61/62|ДНІПРО-ГОЛОВНИЙ@20261007-1819,61/62|ДНІПРО-ГОЛОВНИЙ,6,ЗНАМ'ЯНКА-ПАС.,122,20:40,18:38,0,0
2026-10-07 18:45:51,61/62|ДНІПРО-ГОЛОВНИЙ@20261007-1819,61/62|ДНІПРО-ГОЛОВНИЙ,7,ІМ.ТАРАСА ШЕВЧЕНКА,122,21:52,19:50,0,0
2026-10-07 18:45:51,61/62|ДНІПРО-ГОЛОВНИЙ@20261007-1819,61/62|ДНІПРО-ГОЛОВНИЙ,8,БІЛА ЦЕРКВА,122,00:28,22:26,0,0
2026-10-07 18:45:51,61/62|ДНІПРО-ГОЛОВНИЙ@20261007-1819,61/62|ДНІПРО-ГОЛОВНИЙ,9,ЛЬВІВ,122,06:52,04:50,0,1
2026-10-07 18:45:51,61/62|ДНІПРО-ГОЛОВНИЙ@20261007-1819,61/62|ДНІПРО-ГОЛОВНИЙ,10,ХОДОРІВ,122,08:20,06:18,0,0
2026-10-07 18:45:51,61/62|ДНІПРО-ГОЛОВНИЙ@20261007-1819,61/62|ДНІПРО-ГОЛОВНИЙ,11,ІВАНО-ФРАНКІВСЬК,122,09:29,07:27,0,0
2026-10-07 18:45:51,261/262|ДНІПРО-ГОЛОВНИЙ@20261007-1819,261/262|ДНІПРО-ГОЛОВНИЙ,3,ВІЛЬНОГІРСЬК,145,18:42,16:17,1,0
2026-10-07 18:45:51,261/262|ДНІПРО-ГОЛОВНИЙ@20261007-1819,261/262|ДНІПРО-ГОЛОВНИЙ,5,ОЛЕКСАНДРІЯ,,,17:57,1,0
2026-10-07 18:45:51,261/262|ДНІПРО-ГОЛОВНИЙ@20261007-1819,261/262|ДНІПРО-ГОЛОВНИЙ,6,ЗНАМ'ЯНКА-ПАС.,122,20:40,18:38,0,0
2026-10-07 18:45:51,261/262|ДНІПРО-ГОЛОВНИЙ@20261007-1819,261/262|ДНІПРО-ГОЛОВНИЙ,7,ІМ.ТАРАСА ШЕВЧЕНКА,122,21:52,19:50,0,0
2026-10-07 18:45:51,261/262|ДНІПРО-ГОЛОВНИЙ@20261007-1819,261/262|ДНІПРО-ГОЛОВНИЙ,8,БІЛА ЦЕРКВА,122,00:28,22:26,0,0
2026-10-07 18:45:51,261/262|ДНІПРО-ГОЛОВНИЙ@20261007-1819,261/262|ДНІПРО-ГОЛОВНИЙ,9,ЛЬВІВ,122,06:52,04:50,0,1
2026-10-07 18:45:51,261/262|ДНІПРО-ГОЛОВНИЙ@20261007-1819,261/262|ДНІПРО-ГОЛОВНИЙ,10,ХОДОРІВ,122,08:20,06:18,0,0
2026-10-07 18:45:51,261/262|ДНІПРО-ГОЛОВНИЙ@20261007-1819,261/262|ДНІПРО-ГОЛОВНИЙ,11,ІВАНО-ФРАНКІВСЬК,122,09:29,07:27,0,0
2026-10-07 18:45:51,261/262|ДНІПРО-ГОЛОВНИЙ@20261007-1819,261/262|ДНІПРО-ГОЛОВНИЙ,12,КОЛОМИЯ,122,10:33,08:31,0,0
2026-10-07 18:45:51,261/262|ДНІПРО-ГОЛОВНИЙ@20261007-1819,261/262|ДНІПРО-ГОЛОВНИЙ,13,СНЯТИН,122,11:05,09:03,0,0
2026-10-07 18:45:51,261/262|ДНІПРО-ГОЛОВНИЙ@20261007-1819,261/262|ДНІПРО-ГОЛОВНИЙ,14,ЧЕРНІВЦІ,122,11:40,09:38,0,0
2026-10-07 18:45:51,9/10|БУДАПЕШТ-КЕЛЕТІ@20261007-1819,9/10|БУДАПЕШТ-КЕЛЕТІ,6,КИЇВ-ПАС.,118,21:14,19:16,0,1
2026-10-07 18:45:51,119/120|ДНІПРО-ГОЛОВНИЙ@20261007-1819,119/120|ДНІПРО-ГОЛОВНИЙ,15,ЯГОДИН,116,17:12,15:16,1,0
2026-10-07 18:45:51,119/120|ДНІПРО-ГОЛОВНИЙ@20261007-1819,119/120|ДНІПРО-ГОЛОВНИЙ,16,ХЕЛМ,115,20:47,18:52,0,0
2026-10-07 18:45:51,5/6|ЗАПОРІЖЖЯ-1@20261007-1819,5/6|ЗАПОРІЖЖЯ-1,6,ОЛЕКСАНДРІЯ,,,18:06,1,0
2026-10-07 18:45:51,113/114|ХАРКІВ-ПАС.@20261007-1819,113/114|ХАРКІВ-ПАС.,18,КІВЕРЦІ,55,18:19,17:24,1,0
2026-10-07 18:45:51,113/114|ХАРКІВ-ПАС.@20261007-1819,113/114|ХАРКІВ-ПАС.,20,РОЖИЩЕ,,,17:59,1,0
2026-10-07 18:45:51,5/6|ЯСІНЯ@20261007-1819,5/6|ЯСІНЯ,5,ЛЬВІВ,41,18:32,17:51,1,1
2026-10-07 18:45:51,31/32|ЗАПОРІЖЖЯ-1@20261007-1819,31/32|ЗАПОРІЖЖЯ-1,7,ЗНАМ'ЯНКА-ПАС.,,,17:55,1,0
2026-10-07 18:45:51,21/22|ЛЬВІВ@20261007-1845,21/22|ЛЬВІВ,0,ЛЬВІВ,,,17:45,1,1
2026-10-07 18:45:51,21/22|ЛЬВІВ@20261007-1845,21/22|ЛЬВІВ,1,КРАСНЕ,45,19:14,18:29,0,0
2026-10-07 18:45:51,21/22|ЛЬВІВ@20261007-1845,21/22|ЛЬВІВ,2,ЗЛОЧІВ,45,19:40,18:55,0,0
2026-10-07 18:45:51,21/22|ЛЬВІВ@20261007-1845,21/22|ЛЬВІВ,3,ТЕРНОПІЛЬ-ПАС.,45,20:38,19:53,0,0
2026-10-07 18:45:51,21/22|ЛЬВІВ@20261007-1845,21/22|ЛЬВІВ,4,ХМЕЛЬНИЦЬКИЙ,45,22:27,21:42,0,0
2026-10-07 18:45:51,21/22|ЛЬВІВ@20261007-1845,21/22|ЛЬВІВ,5,ВІННИЦЯ,45,00:24,23:39,0,0
2026-10-07 18:45:51,21/22|ЛЬВІВ@20261007-1845,21/22|ЛЬВІВ,6,КОЗЯТИН-1,45,01:12,00:27,0,0
2026-10-07 18:45:51,21/22|ЛЬВІВ@20261007-1845,21/22|ЛЬВІВ,7,КИЇВ-ПАС.,45,03:06,02:21,0,1
2026-10-07 18:45:51,21/22|ЛЬВІВ@20261007-1845,21/22|ЛЬВІВ,8,ЛУБНИ,45,05:40,04:55,0,0
2026-10-07 18:45:51,21/22|ЛЬВІВ@20261007-1845,21/22|ЛЬВІВ,9,РОМОДАН,45,06:05,05:20,0,0
2026-10-07 18:45:51,21/22|ЛЬВІВ@20261007-1845,21/22|ЛЬВІВ,10,МИРГОРОД,45,06:30,05:45,0,0
2026-10-07 18:45:51,21/22|ЛЬВІВ@20261007-1845,21/22|ЛЬВІВ,11,ПОЛТАВА-КИЇВСЬКА,45,07:40,06:55,0,1
2026-10-07 18:45:51,21/22|ЛЬВІВ@20261007-1845,21/22|ЛЬВІВ,12,ЛЮБОТИН,45,09:39,08:54,0,0
2026-10-07 18:45:51,21/22|ЛЬВІВ@20261007-1845,21/22|ЛЬВІВ,13,ХАРКІВ-ПАС.,45,10:09,09:24,0,1
2026-10-07 18:45:51,733/734|КИЇВ-ПАС.@20261007-1845,733/734|КИЇВ-ПАС.,0,КИЇВ-ПАС.,,,,1,1
2026-10-07 18:45:51,733/734|КИЇВ-ПАС.@20261007-1845,733/734|КИЇВ-ПАС.,1,ІМ.ТАРАСА ШЕВЧЕНКА,35,19:00,18:25,0,0
2026-10-07 18:45:51,733/734|КИЇВ-ПАС.@20261007-1845,733/734|КИЇВ-ПАС.,2,ЗНАМ'ЯНКА-ПАС.,35,20:08,19:33,0,0
2026-10-07 18:45:51,733/734|КИЇВ-ПАС.@20261007-1845,733/734|КИЇВ-ПАС.,3,ОЛЕКСАНДРІЯ,35,20:42,20:07,0,0
2026-10-07 18:45:51,733/734|КИЇВ-ПАС.@20261007-1845,733/734|КИЇВ-ПАС.,4,П'ЯТИХАТКИ,35,21:32,20:57,0,0
2026-10-07 18:45:51,733/734|КИЇВ-ПАС.@20261007-1845,733/734|КИЇВ-ПАС.,5,КАМ'ЯНСЬКЕ-ПАС.,35,22:18,21:43,0,0
2026-10-07 18:45:51,733/734|КИЇВ-ПАС.@20261007-1845,733/734|КИЇВ-ПАС.,6,ДНІПРО-ГОЛОВНИЙ,35,22:45,22:10,0,1
2026-10-07 18:45:51,63/64|ПЕРЕМИШЛЬ@20261007-1845,63/64|ПЕРЕМИШЛЬ,0,ПЕРЕМИШЛЬ,,,,1,0
2026-10-07 18:45:51,63/64|ПЕРЕМИШЛЬ@20261007-1845,63/64|ПЕРЕМИШЛЬ,1,ЛЬВІВ,21,14:34,14:13,1,1
2026-10-07 18:45:51,63/64|ПЕРЕМИШЛЬ@20261007-1845,63/64|ПЕРЕМИШЛЬ,2,СЛАВУТА-1,20,17:34,17:14,1,0
2026-10-07 18:45:51,63/64|ПЕРЕМИШЛЬ@20261007-1845,63/64|ПЕРЕМИШЛЬ,3,СУДИЛКІВ,25,18:00,17:35,1,0
2026-10-07 18:45:51,63/64|ПЕРЕМИШЛЬ@20261007-1845,63/64|ПЕРЕМИШЛЬ,4,КИЇВ-ПАС.,31,21:28,20:57,0,1
2026-10-07 18:45:51,63/64|ПЕРЕМИШЛЬ@20261007-1845,63/64|ПЕРЕМИШЛЬ,5,ДАРНИЦЯ,31,22:48,22:17,0,0
2026-10-07 18:45:51,63/64|ПЕРЕМИШЛЬ@20261007-1845,63/64|ПЕРЕМИШЛЬ,6,ГРЕБІНКА,31,00:16,23:45,0,0
2026-10-07 18:45:51,63/64|ПЕРЕМИШЛЬ@20261007-1845,63/64|ПЕРЕМИШЛЬ,7,РОМОДАН,31,01:25,00:54,0,0
2026-10-07 18:45:51,63/64|ПЕРЕМИШЛЬ@20261007-1845,63/64|ПЕРЕМИШЛЬ,8,МИРГОРОД,31,01:55,01:24,0,0
2026-10-07 18:45:51,63/64|ПЕРЕМИШЛЬ@20261007-1845,63/64|ПЕРЕМИШЛЬ,9,ПОЛТАВА-КИЇВСЬКА,31,03:54,03:23,0,1
2026-10-07 18:45:51,63/64|ПЕРЕМИШЛЬ@20261007-1845,63/64|ПЕРЕМИШЛЬ,10,ЛЮБОТИН,31,06:02,05:31,0,0
2026-10-07 18:45:51,63/64|ПЕРЕМИШЛЬ@20261007-1845,63/64|ПЕРЕМИШЛЬ,11,ХАРКІВ-ПАС.,31,06:33,06:02,0,1
2026-10-07 18:45:51,293/294|ВОРОХТА@20261007-1819,293/294|ВОРОХТА,4,ІВАНО-ФРАНКІВСЬК,27,18:56,18:29,0,0
2026-10-07 18:45:51,293/294|ВОРОХТА@20261007-1819,293/294|ВОРОХТА,5,ЛЬВІВ,27,22:09,21:42,0,1
2026-10-07 18:45:51,293/294|ВОРОХТА@20261007-1819,293/294|ВОРОХТА,6,БІЛА ЦЕРКВА,27,04:40,04:13,0,0
2026-10-07 18:45:51,293/294|ВОРОХТА@20261007-1819,293/294|ВОРОХТА,7,ІМ.ТАРАСА ШЕВЧЕНКА,27,07:05,06:38,0,0
2026-10-07 18:45:51,293/294|ВОРОХТА@20261007-1819,293/294|ВОРОХТА,8,ДОЛИНСЬКА,27,09:30,09:03,0,0
2026-10-07 18:45:51,293/294|ВОРОХТА@20261007-1819,293/294|ВОРОХТА,9,КРИВИЙ РІГ-ГОЛОВНИЙ,27,11:17,10:50,0,0
2026-10-07 19:01:26,3/4|ДНІПРО-ГОЛОВНИЙ@20261007-1819,3/4|ДНІПРО-ГОЛОВНИЙ,0,ДНІПРО-ГОЛОВНИЙ,266,,,1,1
2026-10-07 19:01:26,3/4|ДНІПРО-ГОЛОВНИЙ@20261007-1819,3/4|ДНІПРО-ГОЛОВНИЙ,1,КАМ'ЯНСЬКЕ-ПАС.,,,14:54,1,0
2026-10-07 19:01:26,3/4|ДНІПРО-ГОЛОВНИЙ@20261007-1819,3/4|ДНІПРО-ГОЛОВНИЙ,2,П'ЯТИХАТКИ,,,15:58,1,0
2026-10-07 19:01:26,3/4|ДНІПРО-ГОЛОВНИЙ@20261007-1819,3/4|ДНІПРО-ГОЛОВНИЙ,3,ОЛЕКСАНДРІЯ,,,17:16,1,0
2026-10-07 19:01:26,3/4|ДНІПРО-ГОЛОВНИЙ@20261007-1819,3/4|ДНІПРО-ГОЛОВНИЙ,4,ЗНАМ'ЯНКА-ПАС.,,,17:55,1,0
2026-10-07 19:01:26,3/4|ДНІПРО-ГОЛОВНИЙ@20261007-1819,3/4|ДНІПРО-ГОЛОВНИЙ,5,ІМ.ТАРАСА ШЕВЧЕНКА,240,00:37,20:37,0,0
2026-10-07 19:01:26,3/4|ДНІПРО-ГОЛОВНИЙ@20261007-1819,3/4|ДНІПРО-ГОЛОВНИЙ,6,БІЛА ЦЕРКВА,240,03:15,23:15,0,0
2026-10-07 19:01:26,3/4|ДНІПРО-ГОЛОВНИЙ@20261007-1819,3/4|ДНІПРО-ГОЛОВНИЙ,7,БЕРДИЧІВ,240,05:25,01:25,0,0
2026-10-07 19:01:26,3/4|ДНІПРО-ГОЛОВНИЙ@20261007-1819,3/4|ДНІПРО-ГОЛОВНИЙ,8,ЛЬВІВ,240,09:47,05:47,0,1
2026-10-07 19:01:26,3/4|ДНІПРО-ГОЛОВНИЙ@20261007-1819,3/4|ДНІПРО-ГОЛОВНИЙ,9,СТРИЙ,240,11:11,07:11,0,0
2026-10-07 19:01:26,3/4|ДНІПРО-ГОЛОВНИЙ@20261007-1819,3/4|ДНІПРО-ГОЛОВНИЙ,10,СЛАВСЬКО,240,12:08,08:08,0,0
2026-10-07 19:01:26,3/4|ДНІПРО-ГОЛОВНИЙ@20261007-1819,3/4|ДНІПРО-ГОЛОВНИЙ,11,ВОЛОВЕЦЬ,240,12:58,08:58,0,0
2026-10-07 19:01:26,3/4|ДНІПРО-ГОЛОВНИЙ@20261007-1819,3/4|ДНІПРО-ГОЛОВНИЙ,12,СВАЛЯВА,240,13:29,09:29,0,0
2026-10-07 19:01:26,3/4|ДНІПРО-ГОЛОВНИЙ@20261007-1819,3/4|ДНІПРО-ГОЛОВНИЙ,13,МУКАЧЕВО,240,13:55,09:55,0,0
2026-10-07 19:01:26,3/4|ДНІПРО-ГОЛОВНИЙ@20261007-1819,3/4|ДНІПРО-ГОЛОВНИЙ,14,УЖГОРОД,240,15:10,11:10,0,0
2026-10-07 19:01:26,705/706|ПЕРЕМИШЛЬ@20261007-1819,705/706|ПЕРЕМИШЛЬ,7,КИЇВ-ПАС.,106,19:21,17:35,0,1
2026-10-07 19:01:26,119/120|ДНІПРО-ГОЛОВНИЙ@20261007-1819,119/120|ДНІПРО-ГОЛОВНИЙ,16,ХЕЛМ,101,20:33,18:52,0,0
2026-10-07 19:01:26,127/128|ДНІПРО-ГОЛОВНИЙ@20261007-1819,127/128|ДНІПРО-ГОЛОВНИЙ,0,ДНІПРО-ГОЛОВНИЙ,73,,,1,1
2026-10-07 19:01:26,127/128|ДНІПРО-ГОЛОВНИЙ@20261007-1819,127/128|ДНІПРО-ГОЛОВНИЙ,1,КАМ'ЯНСЬКЕ-ПАС.,,,18:00,1,0
2026-10-07 19:01:26,127/128|ДНІПРО-ГОЛОВНИЙ@20261007-1819,127/128|ДНІПРО-ГОЛОВНИЙ,2,ВЕРХІВЦЕВЕ,70,19:47,18:37,0,0
2026-10-07 19:01:26,127/128|ДНІПРО-ГОЛОВНИЙ@20261007-1819,127/128|ДНІПРО-ГОЛОВНИЙ,3,П'ЯТИХАТКИ,70,20:38,19:28,0,0
2026-10-07 19:01:26,127/128|ДНІПРО-ГОЛОВНИЙ@20261007-1819,127/128|ДНІПРО-ГОЛОВНИЙ,4,ОЛЕКСАНДРІЯ,70,22:10,21:00,0,0
2026-10-07 19:01:26,127/128|ДНІПРО-ГОЛОВНИЙ@20261007-1819,127/128|ДНІПРО-ГОЛОВНИЙ,5,КОРИСТІВКА,70,22:22,21:12,0,0
2026-10-07 19:01:26,127/128|ДНІПРО-ГОЛОВНИЙ@20261007-1819,127/128|ДНІПРО-ГОЛОВНИЙ,6,ЗНАМ'ЯНКА-ПАС.,70,22:55,21:45,0,0
2026-10-07 19:01:26,127/128|ДНІПРО-ГОЛОВНИЙ@20261007-1819,127/128|ДНІПРО-ГОЛОВНИЙ,7,КРОПИВНИЦЬКИЙ,70,00:02,22:52,0,0
2026-10-07 19:01:26,127/128|ДНІПРО-ГОЛОВНИЙ@20261007-1819,127/128|ДНІПРО-ГОЛОВНИЙ,8,ПЛЕТЕНИЙ ТАШЛИК,70,00:42,23:32,0,0
2026-10-07 19:01:26,127/128|ДНІПРО-ГОЛОВНИЙ@20261007-1819,127/128|ДНІПРО-ГОЛОВНИЙ,9,НОВОУКРАЇНКА,70,01:02,23:52,0,0
2026-10-07 19:01:26,127/128|ДНІПРО-ГОЛОВНИЙ@20261007-1819,127/128|ДНІПРО-ГОЛОВНИЙ,10,ПОМІЧНА,70,01:20,00:10,0,0
2026-10-07 19:01:26,127/128|ДНІПРО-ГОЛОВНИЙ@20261007-1819,127/128|ДНІПРО-ГОЛОВНИЙ,11,ГОЛТА,70,02:27,01:17,0,0
2026-10-07 19:01:26,127/128|ДНІПРО-ГОЛОВНИЙ@20261007-1819,127/128|ДНІПРО-ГОЛОВНИЙ,12,ВРАДІЇВКА,70,03:06,01:56,0,0
2026-10-07 19:01:26,127/128|ДНІПРО-ГОЛОВНИЙ@20261007-1819,127/128|ДНІПРО-ГОЛОВНИЙ,13,ЛЮБАШІВКА,70,03:35,02:25,0,0
2026-10-07 19:01:26,127/128|ДНІПРО-ГОЛОВНИЙ@20261007-1819,127/128|ДНІПРО-ГОЛОВНИЙ,14,БАЛТА,70,04:36,03:26,0,0
2026-10-07 19:01:26,127/128|ДНІПРО-ГОЛОВНИЙ@20261007-1819,127/128|ДНІПРО-ГОЛОВНИЙ,15,СЛОБІДКА,70,05:12,04:02,0,0
2026-10-07 19:01:26,127/128|ДНІПРО-ГОЛОВНИЙ@20261007-1819,127/128|ДНІПРО-ГОЛОВНИЙ,16,КОДИМА,70,05:40,04:30,0,0
2026-10-07 19:01:26,127/128|ДНІПРО-ГОЛОВНИЙ@20261007-1819,127/128|ДНІПРО-ГОЛОВНИЙ,17,КРИЖОПІЛЬ,70,06:12,05:02,0,0
2026-10-07 19:01:26,127/128|ДНІПРО-ГОЛОВНИЙ@20261007-1819,127/128|ДНІПРО-ГОЛОВНИЙ,18,ВАПНЯРКА,70,06:33,05:23,0,0
2026-10-07 19:01:26,127/128|ДНІПРО-ГОЛОВНИЙ@20261007-1819,127/128|ДНІПРО-ГОЛОВНИЙ,19,ЖМЕРИНКА-ПАС.,70,07:42,06:32,0,0
2026-10-07 19:01:26,127/128|ДНІПРО-ГОЛОВНИЙ@20261007-1819,127/128|ДНІПРО-ГОЛОВНИЙ,20,ДЕРАЖНЯ,70,08:57,07:47,0,0
2026-10-07 19:01:26,127/128|ДНІПРО-ГОЛОВНИЙ@20261007-1819,127/128|ДНІПРО-ГОЛОВНИЙ,21,ХМЕЛЬНИЦЬКИЙ,70,09:31,08:21,0,0
2026-10-07 19:01:26,127/128|ДНІПРО-ГОЛОВНИЙ@20261007-1819,127/128|ДНІПРО-ГОЛОВНИЙ,22,ВОЛОЧИСЬК,70,10:31,09:21,0,0
2026-10-07 19:01:26,127/128|ДНІПРО-ГОЛОВНИЙ@20261007-1819,127/128|ДНІПРО-ГОЛОВНИЙ,23,ТЕРНОПІЛЬ-ПАС.,70,11:28,10:18,0,0
2026-10-07 19:01:26,127/128|ДНІПРО-ГОЛОВНИЙ@20261007-1819,127/128|ДНІПРО-ГОЛОВНИЙ,24,ЗЛОЧІВ,70,12:27,11:17,0,0
2026-10-07 19:01:26,127/128|ДНІПРО-ГОЛОВНИЙ@20261007-1819,127/128|ДНІПРО-ГОЛОВНИЙ,25,КРАСНЕ,70,12:52,11:42,0,0
2026-10-07 19:01:26,127/128|ДНІПРО-ГОЛОВНИЙ@20261007-1819,127/128|ДНІПРО-ГОЛОВНИЙ,26,ПІДЗАМЧЕ,70,13:25,12:15,0,0
2026-10-07 19:01:26,127/128|ДНІПРО-ГОЛОВНИЙ@20261007-1819,127/128|ДНІПРО-ГОЛОВНИЙ,27,ЛЬВІВ,70,13:39,12:29,0,1
2026-10-07 19:01:26,749/750|КИЇВ-ПАС.@20261007-1819,749/750|КИЇВ-ПАС.,2,ЛЬВІВ,62,19:53,18:51,0,1
2026-10-07 19:01:26,749/750|КИЇВ-ПАС.@20261007-1819,749/750|КИЇВ-ПАС.,3,СТРИЙ,62,21:16,20:14,0,0
2026-10-07 19:01:26,749/750|КИЇВ-ПАС.@20261007-1819,749/750|КИЇВ-ПАС.,4,СВАЛЯВА,62,23:25,22:23,0,0
2026-10-07 19:01:26,749/750|КИЇВ-ПАС.@20261007-1819,749/750|КИЇВ-ПАС.,5,МУКАЧЕВО,62,23:49,22:47,0,0
2026-10-07 19:01:26,749/750|КИЇВ-ПАС.@20261007-1819,749/750|КИЇВ-ПАС.,6,ЧОП,62,00:39,23:37,0,0
2026-10-07 19:01:26,749/750|КИЇВ-ПАС.@20261007-1819,749/750|КИЇВ-ПАС.,7,УЖГОРОД,62,01:25,00:23,0,0
2026-10-07 19:01:26,1/2|ХАРКІВ-ПАС.@20261007-1819,1/2|ХАРКІВ-ПАС.,2,КИЇВ-ПАС.,60,22:17,21:17,0,1
2026-10-07 19:01:26,1/2|ХАРКІВ-ПАС.@20261007-1819,1/2|ХАРКІВ-ПАС.,3,ЛЬВІВ,60,04:52,03:52,0,1
2026-10-07 19:01:26,1/2|ХАРКІВ-ПАС.@20261007-1819,1/2|ХАРКІВ-ПАС.,4,ІВАНО-ФРАНКІВСЬК,60,07:17,06:17,0,0
2026-10-07 19:01:26,1/2|ХАРКІВ-ПАС.@20261007-1819,1/2|ХАРКІВ-ПАС.,5,ЯРЕМЧЕ,60,08:58,07:58,0,0
2026-10-07 19:01:26,1/2|ХАРКІВ-ПАС.@20261007-1819,1/2|ХАРКІВ-ПАС.,6,ТАТАРІВ-БУКОВЕЛЬ,60,09:23,08:23,0,0
2026-10-07 19:01:26,1/2|ХАРКІВ-ПАС.@20261007-1819,1/2|ХАРКІВ-ПАС.,7,ВОРОХТА,60,09:37,08:37,0,0
2026-10-07 19:01:26,1/2|ХАРКІВ-ПАС.@20261007-1819,1/2|ХАРКІВ-ПАС.,8,ЯСІНЯ,60,10:11,09:11,0,0
2026-10-07 19:01:26,1/2|ХАРКІВ-ПАС.@20261007-1819,1/2|ХАРКІВ-ПАС.,9,КВАСИ,60,10:35,09:35,0,0
2026-10-07 19:01:26,1/2|ХАРКІВ-ПАС.@20261007-1819,1/2|ХАРКІВ-ПАС.,10,РАХІВ,60,10:55,09:55,0,0
2026-10-07 19:01:26,9/10|КИЇВ-ПАС.@20261007-1819,9/10|КИЇВ-ПАС.,3,МУКАЧЕВО,56,21:02,20:06,0,0
2026-10-07 19:01:26,9/10|КИЇВ-ПАС.@20261007-1819,9/10|КИЇВ-ПАС.,4,ЧОП,56,21:50,20:54,0,0
2026-10-07 19:01:26,113/114|ХАРКІВ-ПАС.@20261007-1819,113/114|ХАРКІВ-ПАС.,20,РОЖИЩЕ,57,18:56,17:59,1,0
2026-10-07 19:01:26,21/22|ЛЬВІВ@20261007-1845,21/22|ЛЬВІВ,0,ЛЬВІВ,60,,,1,1
2026-10-07 19:01:26,21/22|ЛЬВІВ@20261007-1845,21/22|ЛЬВІВ,1,КРАСНЕ,,,18:29,1,0
2026-10-07 19:01:26,5/6|ЯСІНЯ@20261007-1819,5/6|ЯСІНЯ,6,КРИВИН,41,22:02,21:21,0,0
2026-10-07 19:01:26,5/6|ЯСІНЯ@20261007-1819,5/6|ЯСІНЯ,7,ШЕПЕТІВКА,41,22:29,21:48,0,0
2026-10-07 19:01:26,5/6|ЯСІНЯ@20261007-1819,5/6|ЯСІНЯ,8,ПОЛОННЕ,41,22:58,22:17,0,0
2026-10-07 19:01:26,5/6|ЯСІНЯ@20261007-1819,5/6|ЯСІНЯ,9,БЕРДИЧІВ,41,23:59,23:18,0,0
2026-10-07 19:01:26,5/6|ЯСІНЯ@20261007-1819,5/6|ЯСІНЯ,10,БІЛА ЦЕРКВА,41,02:01,01:20,0,0
2026-10-07 19:01:26,5/6|ЯСІНЯ@20261007-1819,5/6|ЯСІНЯ,11,ІМ.ТАРАСА ШЕВЧЕНКА,41,04:19,03:38,0,0
2026-10-07 19:01:26,5/6|ЯСІНЯ@20261007-1819,5/6|ЯСІНЯ,12,ЗНАМ'ЯНКА-ПАС.,41,05:26,04:45,0,0
2026-10-07 19:01:26,5/6|ЯСІНЯ@20261007-1819,5/6|ЯСІНЯ,13,ОЛЕКСАНДРІЯ,41,06:13,05:32,0,0
2026-10-07 19:01:26,5/6|ЯСІНЯ@20261007-1819,5/6|ЯСІНЯ,14,П'ЯТИХАТКИ,41,07:29,06:48,0,0
2026-10-07 19:01:26,5/6|ЯСІНЯ@20261007-1819,5/6|ЯСІНЯ,15,КАМ'ЯНСЬКЕ-ПАС.,41,08:23,07:42,0,0
2026-10-07 19:01:26,5/6|ЯСІНЯ@20261007-1819,5/6|ЯСІНЯ,16,ДНІПРО-ГОЛОВНИЙ,41,08:55,08:14,0,1
2026-10-07 19:01:26,5/6|ЯСІНЯ@20261007-1819,5/6|ЯСІНЯ,17,СИНЕЛЬНИКОВЕ-1,41,10:27,09:46,0,0
2026-10-07 19:01:26,5/6|ЯСІНЯ@20261007-1819,5/6|ЯСІНЯ,18,ЗАПОРІЖЖЯ-1,41,11:22,10:41,0,0
2026-10-07 19:01:26,63/64|ПЕРЕМИШЛЬ@20261007-1845,63/64|ПЕРЕМИШЛЬ,4,КИЇВ-ПАС.,41,21:38,20:57,0,1
2026-10-07 19:01:26,63/64|ПЕРЕМИШЛЬ@20261007-1845,63/64|ПЕРЕМИШЛЬ,5,ДАРНИЦЯ,41,22:58,22:17,0,0
2026-10-07 19:01:26,63/64|ПЕРЕМИШЛЬ@20261007-1845,63/64|ПЕРЕМИШЛЬ,6,ГРЕБІНКА,41,00:26,23:45,0,0
2026-10-07 19:01:26,63/64|ПЕРЕМИШЛЬ@20261007-1845,63/64|ПЕРЕМИШЛЬ,7,РОМОДАН,41,01:35,00:54,0,0
2026-10-07 19:01:26,63/64|ПЕРЕМИШЛЬ@20261007-1845,63/64|ПЕРЕМИШЛЬ,8,МИРГОРОД,41,02:05,01:24,0,0
2026-10-07 19:01:26,63/64|ПЕРЕМИШЛЬ@20261007-1845,63/64|ПЕРЕМИШЛЬ,9,ПОЛТАВА-КИЇВСЬКА,41,04:04,03:23,0,1
2026-10-07 19:01:26,63/64|ПЕРЕМИШЛЬ@20261007-1845,63/64|ПЕРЕМИШЛЬ,10,ЛЮБОТИН,41,06:12,05:31,0,0
2026-10-07 19:01:26,63/64|ПЕРЕМИШЛЬ@20261007-1845,63/64|ПЕРЕМИШЛЬ,11,ХАРКІВ-ПАС.,41,06:43,06:02,0,1
2026-10-07 19:01:26,733/734|КИЇВ-ПАС.@20261007-1845,733/734|КИЇВ-ПАС.,1,ІМ.ТАРАСА ШЕВЧЕНКА,,,18:25,1,0
2026-10-07 19:22:14,85/86|ДНІПРО-ГОЛОВНИЙ@20261007-1819,85/86|ДНІПРО-ГОЛОВНИЙ,0,ДНІПРО-ГОЛОВНИЙ,265,,,1,1
2026-10-07 19:22:14,85/86|ДНІПРО-ГОЛОВНИЙ@20261007-1819,85/86|ДНІПРО-ГОЛОВНИЙ,5,ОЛЕКСАНДРІЯ,,,18:42,1,0
2026-10-07 19:22:14,85/86|ДНІПРО-ГОЛОВНИЙ@20261007-1819,85/86|ДНІПРО-ГОЛОВНИЙ,6,КОРИСТІВКА,265,23:25,19:00,0,0
2026-10-07 19:22:14,85/86|ДНІПРО-ГОЛОВНИЙ@20261007-1819,85/86|ДНІПРО-ГОЛОВНИЙ,7,ЗНАМ'ЯНКА-ПАС.,265,00:13,19:48,0,0
2026-10-07 19:22:14,85/86|ДНІПРО-ГОЛОВНИЙ@20261007-1819,85/86|ДНІПРО-ГОЛОВНИЙ,8,ФУНДУКЛІЇВКА,265,01:17,20:52,0,0
2026-10-07 19:22:14,85/86|ДНІПРО-ГОЛОВНИЙ@20261007-1819,85/86|ДНІПРО-ГОЛОВНИЙ,9,КАМ'ЯНКА,265,01:33,21:08,0,0
2026-10-07 19:22:14,85/86|ДНІПРО-ГОЛОВНИЙ@20261007-1819,85/86|ДНІПРО-ГОЛОВНИЙ,10,ІМ.ТАРАСА ШЕВЧЕНКА,265,01:56,21:31,0,0
2026-10-07 19:22:14,85/86|ДНІПРО-ГОЛОВНИЙ@20261007-1819,85/86|ДНІПРО-ГОЛОВНИЙ,11,ГОРОДИЩЕ,265,03:01,22:36,0,0
2026-10-07 19:22:14,85/86|ДНІПРО-ГОЛОВНИЙ@20261007-1819,85/86|ДНІПРО-ГОЛОВНИЙ,12,КОРСУНЬ,265,03:23,22:58,0,0
2026-10-07 19:22:14,85/86|ДНІПРО-ГОЛОВНИЙ@20261007-1819,85/86|ДНІПРО-ГОЛОВНИЙ,13,МИРОНІВКА,265,04:02,23:37,0,0
2026-10-07 19:22:14,85/86|ДНІПРО-ГОЛОВНИЙ@20261007-1819,85/86|ДНІПРО-ГОЛОВНИЙ,14,БІЛА ЦЕРКВА,265,04:54,00:29,0,0
2026-10-07 19:22:14,85/86|ДНІПРО-ГОЛОВНИЙ@20261007-1819,85/86|ДНІПРО-ГОЛОВНИЙ,15,КОЗЯТИН-1,265,06:25,02:00,0,0
2026-10-07 19:22:14,85/86|ДНІПРО-ГОЛОВНИЙ@20261007-1819,85/86|ДНІПРО-ГОЛОВНИЙ,16,КАЛИНІВКА-1,265,07:09,02:44,0,0
2026-10-07 19:22:14,85/86|ДНІПРО-ГОЛОВНИЙ@20261007-1819,85/86|ДНІПРО-ГОЛОВНИЙ,17,ВІННИЦЯ,265,07:31,03:06,0,0
2026-10-07 19:22:14,85/86|ДНІПРО-ГОЛОВНИЙ@20261007-1819,85/86|ДНІПРО-ГОЛОВНИЙ,18,БРАЇЛІВ,265,08:08,03:43,0,0
2026-10-07 19:22:14,85/86|ДНІПРО-ГОЛОВНИЙ@20261007-1819,85/86|ДНІПРО-ГОЛОВНИЙ,19,ХМЕЛЬНИЦЬКИЙ,265,09:33,05:08,0,0
2026-10-07 19:22:14,85/86|ДНІПРО-ГОЛОВНИЙ@20261007-1819,85/86|ДНІПРО-ГОЛОВНИЙ,20,ВОЛОЧИСЬК,265,10:41,06:16,0,0
2026-10-07 19:22:14,85/86|ДНІПРО-ГОЛОВНИЙ@20261007-1819,85/86|ДНІПРО-ГОЛОВНИЙ,21,ПІДВОЛОЧИСЬК,265,10:51,06:26,0,0
2026-10-07 19:22:14,85/86|ДНІПРО-ГОЛОВНИЙ@20261007-1819,85/86|ДНІПРО-ГОЛОВНИЙ,22,ТЕРНОПІЛЬ-ПАС.,265,11:43,07:18,0,0
2026-10-07 19:22:14,85/86|ДНІПРО-ГОЛОВНИЙ@20261007-1819,85/86|ДНІПРО-ГОЛОВНИЙ,23,ЗЛОЧІВ,265,12:46,08:21,0,0
2026-10-07 19:22:14,85/86|ДНІПРО-ГОЛОВНИЙ@20261007-1819,85/86|ДНІПРО-ГОЛОВНИЙ,24,КРАСНЕ,265,13:12,08:47,0,0
2026-10-07 19:22:14,85/86|ДНІПРО-ГОЛОВНИЙ@20261007-1819,85/86|ДНІПРО-ГОЛОВНИЙ,25,ПІДЗАМЧЕ,265,13:45,09:20,0,0
2026-10-07 19:22:14,85/86|ДНІПРО-ГОЛОВНИЙ@20261007-1819,85/86|ДНІПРО-ГОЛОВНИЙ,26,ЛЬВІВ,265,13:58,09:33,0,1
2026-10-07 19:22:14,41/42|ДНІПРО-ГОЛОВНИЙ@20261007-1819,41/42|ДНІПРО-ГОЛОВНИЙ,0,ДНІПРО-ГОЛОВНИЙ,265,,,1,1
2026-10-07 19:22:14,41/42|ДНІПРО-ГОЛОВНИЙ@20261007-1819,41/42|ДНІПРО-ГОЛОВНИЙ,5,ОЛЕКСАНДРІЯ,,,18:42,1,0
2026-10-07 19:22:14,41/42|ДНІПРО-ГОЛОВНИЙ@20261007-1819,41/42|ДНІПРО-ГОЛОВНИЙ,6,КОРИСТІВКА,265,23:25,19:00,0,0
2026-10-07 19:22:14,41/42|ДНІПРО-ГОЛОВНИЙ@20261007-1819,41/42|ДНІПРО-ГОЛОВНИЙ,7,ЗНАМ'ЯНКА-ПАС.,265,00:13,19:48,0,0
2026-10-07 19:22:14,41/42|ДНІПРО-ГОЛОВНИЙ@20261007-1819,41/42|ДНІПРО-ГОЛОВНИЙ,8,ФУНДУКЛІЇВКА,265,01:17,20:52,0,0
2026-10-07 19:22:14,41/42|ДНІПРО-ГОЛОВНИЙ@20261007-1819,41/42|ДНІПРО-ГОЛОВНИЙ,9,КАМ'ЯНКА,265,01:33,21:08,0,0
2026-10-07 19:22:14,41/42|ДНІПРО-ГОЛОВНИЙ@20261007-1819,41/42|ДНІПРО-ГОЛОВНИЙ,10,ІМ.ТАРАСА ШЕВЧЕНКА,265,01:56,21:31,0,0
2026-10-07 19:22:14,41/42|ДНІПРО-ГОЛОВНИЙ@20261007-1819,41/42|ДНІПРО-ГОЛОВНИЙ,11,ГОРОДИЩЕ,265,03:01,22:36,0,0
2026-10-07 19:22:14,41/42|ДНІПРО-ГОЛОВНИЙ@20261007-1819,41/42|ДНІПРО-ГОЛОВНИЙ,12,КОРСУНЬ,265,03:23,22:58,0,0
2026-10-07 19:22:14,41/42|ДНІПРО-ГОЛОВНИЙ@20261007-1819,41/42|ДНІПРО-ГОЛОВНИЙ,13,МИРОНІВКА,265,04:02,23:37,0,0
2026-10-07 19:22:14,41/42|ДНІПРО-ГОЛОВНИЙ@20261007-1819,41/42|ДНІПРО-ГОЛОВНИЙ,14,БІЛА ЦЕРКВА,265,04:54,00:29,0,0
2026-10-07 19:22:14,41/42|ДНІПРО-ГОЛОВНИЙ@20261007-1819,41/42|ДНІПРО-ГОЛОВНИЙ,15,КОЗЯТИН-1,265,06:25,02:00,0,0
2026-10-07 19:22:14,41/42|ДНІПРО-ГОЛОВНИЙ@20261007-1819,41/42|ДНІПРО-ГОЛОВНИЙ,16,КАЛИНІВКА-1,265,07:09,02:44,0,0
2026-10-07 19:22:14,41/42|ДНІПРО-ГОЛОВНИЙ@20261007-1819,41/42|ДНІПРО-ГОЛОВНИЙ,17,ВІННИЦЯ,265,07:31,03:06,0,0
2026-10-07 19:22:14,41/42|ДНІПРО-ГОЛОВНИЙ@20261007-1819,41/42|ДНІПРО-ГОЛОВНИЙ,18,БРАЇЛІВ,265,08:08,03:43,0,0
2026-10-07 19:22:14,41/42|ДНІПРО-ГОЛОВНИЙ@20261007-1819,41/42|ДНІПРО-ГОЛОВНИЙ,19,ХМЕЛЬНИЦЬКИЙ,265,09:33,05:08,0,0
2026-10-07 19:22:14,41/42|ДНІПРО-ГОЛОВНИЙ@20261007-1819,41/42|ДНІПРО-ГОЛОВНИЙ,20,ВОЛОЧИСЬК,265,10:41,06:16,0,0
2026-10-07 19:22:14,41/42|ДНІПРО-ГОЛОВНИЙ@20261007-1819,41/42|ДНІПРО-ГОЛОВНИЙ,21,ПІДВОЛОЧИСЬК,265,10:51,06:26,0,0
2026-10-07 19:22:14,41/42|ДНІПРО-ГОЛОВНИЙ@20261007-1819,41/42|ДНІПРО-ГОЛОВНИЙ,22,ТЕРНОПІЛЬ-ПАС.,265,11:43,07:18,0,0
2026-10-07 19:22:14,41/42|ДНІПРО-ГОЛОВНИЙ@20261007-1819,41/42|ДНІПРО-ГОЛОВНИЙ,23,ЗЛОЧІВ,265,12:46,08:21,0,0
2026-10-07 19:22:14,41/42|ДНІПРО-ГОЛОВНИЙ@20261007-1819,41/42|ДНІПРО-ГОЛОВНИЙ,24,КРАСНЕ,265,13:12,08:47,0,0
2026-10-07 19:22:14,41/42|ДНІПРО-ГОЛОВНИЙ@20261007-1819,41/42|ДНІПРО-ГОЛОВНИЙ,25,ПІДЗАМЧЕ,265,13:45,09:20,0,0
2026-10-07 19:22:14,41/42|ДНІПРО-ГОЛОВНИЙ@20261007-1819,41/42|ДНІПРО-ГОЛОВНИЙ,26,ЛЬВІВ,265,13:58,09:33,0,1
2026-10-07 19:22:14,41/42|ДНІПРО-ГОЛОВНИЙ@20261007-1819,41/42|ДНІПРО-ГОЛОВНИЙ,27,ДРОГОБИЧ,265,15:52,11:27,0,0
2026-10-07 19:22:14,41/42|ДНІПРО-ГОЛОВНИЙ@20261007-1819,41/42|ДНІПРО-ГОЛОВНИЙ,28,ТРУСКАВЕЦЬ,265,16:35,12:10,0,0
2026-10-07 19:22:14,3/4|ДНІПРО-ГОЛОВНИЙ@20261007-1819,3/4|ДНІПРО-ГОЛОВНИЙ,5,ІМ.ТАРАСА ШЕВЧЕНКА,263,01:00,20:37,0,0
2026-10-07 19:22:14,3/4|ДНІПРО-ГОЛОВНИЙ@20261007-1819,3/4|ДНІПРО-ГОЛОВНИЙ,6,БІЛА ЦЕРКВА,263,03:38,23:15,0,0
2026-10-07 19:22:14,3/4|ДНІПРО-ГОЛОВНИЙ@20261007-1819,3/4|ДНІПРО-ГОЛОВНИЙ,7,БЕРДИЧІВ,263,05:48,01:25,0,0
2026-10-07 19:22:14,3/4|ДНІПРО-ГОЛОВНИЙ@20261007-1819,3/4|ДНІПРО-ГОЛОВНИЙ,8,ЛЬВІВ,263,10:10,05:47,0,1
2026-10-07 19:22:14,3/4|ДНІПРО-ГОЛОВНИЙ@20261007-1819,3/4|ДНІПРО-ГОЛОВНИЙ,9,СТРИЙ,263,11:34,07:11,0,0
2026-10-07 19:22:14,3/4|ДНІПРО-ГОЛОВНИЙ@20261007-1819,3/4|ДНІПРО-ГОЛОВНИЙ,10,СЛАВСЬКО,263,12:31,08:08,0,0
2026-10-07 19:22:14,3/4|ДНІПРО-ГОЛОВНИЙ@20261007-1819,3/4|ДНІПРО-ГОЛОВНИЙ,11,ВОЛОВЕЦЬ,263,13:21,08:58,0,0
2026-10-07 19:22:14,3/4|ДНІПРО-ГОЛОВНИЙ@20261007-1819,3/4|ДНІПРО-ГОЛОВНИЙ,12,СВАЛЯВА,263,13:52,09:29,0,0
2026-10-07 19:22:14,3/4|ДНІПРО-ГОЛОВНИЙ@20261007-1819,3/4|ДНІПРО-ГОЛОВНИЙ,13,МУКАЧЕВО,263,14:18,09:55,0,0
2026-10-07 19:22:14,3/4|ДНІПРО-ГОЛОВНИЙ@20261007-1819,3/4|ДНІПРО-ГОЛОВНИЙ,14,УЖГОРОД,263,15:33,11:10,0,0
2026-10-07 19:22:14,61/62|ДНІПРО-ГОЛОВНИЙ@20261007-1819,61/62|ДНІПРО-ГОЛОВНИЙ,6,ЗНАМ'ЯНКА-ПАС.,,,18:38,1,0
2026-10-07 19:22:14,61/62|ДНІПРО-ГОЛОВНИЙ@20261007-1819,61/62|ДНІПРО-ГОЛОВНИЙ,7,ІМ.ТАРАСА ШЕВЧЕНКА,147,22:17,19:50,0,0
2026-10-07 19:22:14,61/62|ДНІПРО-ГОЛОВНИЙ@20261007-1819,61/62|ДНІПРО-ГОЛОВНИЙ,8,БІЛА ЦЕРКВА,147,00:53,22:26,0,0
2026-10-07 19:22:14,61/62|ДНІПРО-ГОЛОВНИЙ@20261007-1819,61/62|ДНІПРО-ГОЛОВНИЙ,9,ЛЬВІВ,147,07:17,04:50,0,1
2026-10-07 19:22:14,61/62|ДНІПРО-ГОЛОВНИЙ@20261007-1819,61/62|ДНІПРО-ГОЛОВНИЙ,10,ХОДОРІВ,147,08:45,06:18,0,0
2026-10-07 19:22:14,61/62|ДНІПРО-ГОЛОВНИЙ@20261007-1819,61/62|ДНІПРО-ГОЛОВНИЙ,11,ІВАНО-ФРАНКІВСЬК,147,09:54,07:27,0,0
2026-10-07 19:22:14,261/262|ДНІПРО-ГОЛОВНИЙ@20261007-1819,261/262|ДНІПРО-ГОЛОВНИЙ,6,ЗНАМ'ЯНКА-ПАС.,,,18:38,1,0
2026-10-07 19:22:14,261/262|ДНІПРО-ГОЛОВНИЙ@20261007-1819,261/262|ДНІПРО-ГОЛОВНИЙ,7,ІМ.ТАРАСА ШЕВЧЕНКА,147,22:17,19:50,0,0
2026-10-07 19:22:14,261/262|ДНІПРО-ГОЛОВНИЙ@20261007-1819,261/262|ДНІПРО-ГОЛОВНИЙ,8,БІЛА ЦЕРКВА,147,00:53,22:26,0,0
2026-10-07 19:22:14,261/262|ДНІПРО-ГОЛОВНИЙ@20261007-1819,261/262|ДНІПРО-ГОЛОВНИЙ,9,ЛЬВІВ,147,07:17,04:50,0,1
2026-10-07 19:22:14,261/262|ДНІПРО-ГОЛОВНИЙ@20261007-1819,261/262|ДНІПРО-ГОЛОВНИЙ,10,ХОДОРІВ,147,08:45,06:18,0,0
2026-10-07 19:22:14,261/262|ДНІПРО-ГОЛОВНИЙ@20261007-1819,261/262|ДНІПРО-ГОЛОВНИЙ,11,ІВАНО-ФРАНКІВСЬК,147,09:54,07:27,0,0
2026-10-07 19:22:14,261/262|ДНІПРО-ГОЛОВНИЙ@20261007-1819,261/262|ДНІПРО-ГОЛОВНИЙ,12,КОЛОМИЯ,147,10:58,08:31,0,0
2026-10-07 19:22:14,261/262|ДНІПРО-ГОЛОВНИЙ@20261007-1819,261/262|ДНІПРО-ГОЛОВНИЙ,13,СНЯТИН,147,11:30,09:03,0,0
2026-10-07 19:22:14,261/262|ДНІПРО-ГОЛОВНИЙ@20261007-1819,261/262|ДНІПРО-ГОЛОВНИЙ,14,ЧЕРНІВЦІ,147,12:05,09:38,0,0
2026-10-07 19:22:14,127/128|ДНІПРО-ГОЛОВНИЙ@20261007-1819,127/128|ДНІПРО-ГОЛОВНИЙ,2,ВЕРХІВЦЕВЕ,,,18:37,1,0
2026-10-07 19:22:14,21/22|ЛЬВІВ@20261007-1845,21/22|ЛЬВІВ,2,ЗЛОЧІВ,56,19:51,18:55,0,0
2026-10-07 19:22:14,21/22|ЛЬВІВ@20261007-1845,21/22|ЛЬВІВ,3,ТЕРНОПІЛЬ-ПАС.,56,20:49,19:53,0,0
2026-10-07 19:22:14,21/22|ЛЬВІВ@20261007-1845,21/22|ЛЬВІВ,4,ХМЕЛЬНИЦЬКИЙ,56,22:38,21:42,0,0
2026-10-07 19:22:14,21/22|ЛЬВІВ@20261007-1845,21/22|ЛЬВІВ,5,ВІННИЦЯ,56,00:35,23:39,0,0
2026-10-07 19:22:14,21/22|ЛЬВІВ@20261007-1845,21/22|ЛЬВІВ,6,КОЗЯТИН-1,56,01:23,00:27,0,0
2026-10-07 19:22:14,21/22|ЛЬВІВ@20261007-1845,21/22|ЛЬВІВ,7,КИЇВ-ПАС.,56,03:17,02:21,0,1
2026-10-07 19:22:14,21/22|ЛЬВІВ@20261007-1845,21/22|ЛЬВІВ,8,ЛУБНИ,56,05:51,04:55,0,0
2026-10-07 19:22:14,21/22|ЛЬВІВ@20261007-1845,21/22|ЛЬВІВ,9,РОМОДАН,56,06:16,05:20,0,0
2026-10-07 19:22:14,21/22|ЛЬВІВ@20261007-1845,21/22|ЛЬВІВ,10,МИРГОРОД,56,06:41,05:45,0,0
2026-10-07 19:22:14,21/22|ЛЬВІВ@20261007-1845,21/22|ЛЬВІВ,11,ПОЛТАВА-КИЇВСЬКА,56,07:51,06:55,0,1
2026-10-07 19:22:14,21/22|ЛЬВІВ@20261007-1845,21/22|ЛЬВІВ,12,ЛЮБОТИН,56,09:50,08:54,0,0
2026-10-07 19:22:14,21/22|ЛЬВІВ@20261007-1845,21/22|ЛЬВІВ,13,ХАРКІВ-ПАС.,56,10:20,09:24,0,1
2026-10-07 19:22:14,733/734|КИЇВ-ПАС.@20261007-1845,733/734|КИЇВ-ПАС.,1,ВОЛОДИМИРІВКА,36,18:45,18:09,1,0
2026-10-07 19:22:14,733/734|КИЇВ-ПАС.@20261007-1845,733/734|КИЇВ-ПАС.,2,ІМ.ТАРАСА ШЕВЧЕНКА,,,18:25,1,0
2026-10-07 19:22:14,733/734|КИЇВ-ПАС.@20261007-1845,733/734|КИЇВ-ПАС.,3,ЗНАМ'ЯНКА-ПАС.,35,20:08,19:33,0,0
2026-10-07 19:22:14,733/734|КИЇВ-ПАС.@20261007-1845,733/734|КИЇВ-ПАС.,4,ОЛЕКСАНДРІЯ,35,20:42,20:07,0,0
2026-10-07 19:22:14,733/734|КИЇВ-ПАС.@20261007-1845,733/734|КИЇВ-ПАС.,5,П'ЯТИХАТКИ,35,21:32,20:57,0,0
2026-10-07 19:22:14,733/734|КИЇВ-ПАС.@20261007-1845,733/734|КИЇВ-ПАС.,6,КАМ'ЯНСЬКЕ-ПАС.,35,22:18,21:43,0,0
2026-10-07 19:22:14,733/734|КИЇВ-ПАС.@20261007-1845,733/734|КИЇВ-ПАС.,7,ДНІПРО-ГОЛОВНИЙ,35,22:45,22:10,0,1
2026-10-07 19:22:14,143/144|ЯСІНЯ@20261007-1819,143/144|ЯСІНЯ,8,ЛЬВІВ,27,19:04,18:37,1,1
2026-10-07 19:31:10,85/86|ДНІПРО-ГОЛОВНИЙ@20261007-1819,85/86|ДНІПРО-ГОЛОВНИЙ,6,КОРИСТІВКА,,,19:00,1,0
2026-10-07 19:31:10,41/42|ДНІПРО-ГОЛОВНИЙ@20261007-1819,41/42|ДНІПРО-ГОЛОВНИЙ,6,КОРИСТІВКА,,,19:00,1,0
2026-10-07 19:31:10,3/4|ДНІПРО-ГОЛОВНИЙ@20261007-1819,3/4|ДНІПРО-ГОЛОВНИЙ,1,КАМ'ЯНСЬКЕ-ПАС.,262,19:16,14:54,1,0
2026-10-07 19:31:10,31/32|ЗАПОРІЖЖЯ-1@20261007-1819,31/32|ЗАПОРІЖЖЯ-1,6,ОЛЕКСАНДРІЯ,123,19:19,17:16,1,0
2026-10-07 19:31:10,31/32|ЗАПОРІЖЖЯ-1@20261007-1819,31/32|ЗАПОРІЖЖЯ-1,8,ІМ.ТАРАСА ШЕВЧЕНКА,73,21:50,20:37,0,0
2026-10-07 19:31:10,31/32|ЗАПОРІЖЖЯ-1@20261007-1819,31/32|ЗАПОРІЖЖЯ-1,9,БІЛА ЦЕРКВА,73,00:28,23:15,0,0
2026-10-07 19:31:10,31/32|ЗАПОРІЖЖЯ-1@20261007-1819,31/32|ЗАПОРІЖЖЯ-1,10,БЕРДИЧІВ,73,02:38,01:25,0,0
2026-10-07 19:31:10,31/32|ЗАПОРІЖЖЯ-1@20261007-1819,31/32|ЗАПОРІЖЖЯ-1,11,ЛЬВІВ,73,07:00,05:47,0,1
2026-10-07 19:31:10,31/32|ЗАПОРІЖЖЯ-1@20261007-1819,31/32|ЗАПОРІЖЖЯ-1,12,ПЕРЕМИШЛЬ,73,10:32,09:19,0,0
2026-10-07 19:31:10,127/128|ДНІПРО-ГОЛОВНИЙ@20261007-1819,127/128|ДНІПРО-ГОЛОВНИЙ,1,КАМ'ЯНСЬКЕ-ПАС.,66,19:06,18:00,1,0
2026-10-07 19:31:10,749/750|КИЇВ-ПАС.@20261007-1819,749/750|КИЇВ-ПАС.,2,ЛЬВІВ,,,18:51,1,1
2026-10-07 19:31:10,1/2|ХАРКІВ-ПАС.@20261007-1819,1/2|ХАРКІВ-ПАС.,2,МИРГОРОД,51,19:22,18:31,1,0
2026-10-07 19:31:10,1/2|ХАРКІВ-ПАС.@20261007-1819,1/2|ХАРКІВ-ПАС.,3,КИЇВ-ПАС.,60,22:17,21:17,0,1
2026-10-07 19:31:10,1/2|ХАРКІВ-ПАС.@20261007-1819,1/2|ХАРКІВ-ПАС.,4,ЛЬВІВ,60,04:52,03:52,0,1
2026-10-07 19:31:10,1/2|ХАРКІВ-ПАС.@20261007-1819,1/2|ХАРКІВ-ПАС.,5,ІВАНО-ФРАНКІВСЬК,60,07:17,06:17,0,0
2026-10-07 19:31:10,1/2|ХАРКІВ-ПАС.@20261007-1819,1/2|ХАРКІВ-ПАС.,6,ЯРЕМЧЕ,60,08:58,07:58,0,0
2026-10-07 19:31:10,1/2|ХАРКІВ-ПАС.@20261007-1819,1/2|ХАРКІВ-ПАС.,7,ТАТАРІВ-БУКОВЕЛЬ,60,09:23,08:23,0,0
2026-10-07 19:31:10,1/2|ХАРКІВ-ПАС.@20261007-1819,1/2|ХАРКІВ-ПАС.,8,ВОРОХТА,60,09:37,08:37,0,0
2026-10-07 19:31:10,1/2|ХАРКІВ-ПАС.@20261007-1819,1/2|ХАРКІВ-ПАС.,9,ЯСІНЯ,60,10:11,09:11,0,0
2026-10-07 19:31:10,1/2|ХАРКІВ-ПАС.@20261007-1819,1/2|ХАРКІВ-ПАС.,10,КВАСИ,60,10:35,09:35,0,0
2026-10-07 19:31:10,1/2|ХАРКІВ-ПАС.@20261007-1819,1/2|ХАРКІВ-ПАС.,11,РАХІВ,60,10:55,09:55,0,0
2026-10-07 19:31:10,5/6|ЗАПОРІЖЖЯ-1@20261007-1819,5/6|ЗАПОРІЖЖЯ-1,6,ОЛЕКСАНДРІЯ,73,19:19,18:06,1,0
2026-10-07 19:31:10,21/22|ЛЬВІВ@20261007-1845,21/22|ЛЬВІВ,1,КРАСНЕ,53,19:22,18:29,1,0
2026-10-07 19:31:10,21/22|ЛЬВІВ@20261007-1845,21/22|ЛЬВІВ,2,ЗЛОЧІВ,,,18:55,1,0
2026-10-07 19:31:10,113/114|ХАРКІВ-ПАС.@20261007-1819,113/114|ХАРКІВ-ПАС.,21,ЛЮБИТІВ,49,19:28,18:39,1,0
2026-10-07 19:31:10,113/114|ХАРКІВ-ПАС.@20261007-1819,113/114|ХАРКІВ-ПАС.,22,КОВЕЛЬ-ПАС.,,,18:51,1,0
2026-10-07 19:31:10,113/114|ХАРКІВ-ПАС.@20261007-1819,113/114|ХАРКІВ-ПАС.,23,ТУРІЙСЬК,55,20:29,19:34,0,0
2026-10-07 19:31:10,113/114|ХАРКІВ-ПАС.@20261007-1819,113/114|ХАРКІВ-ПАС.,24,ВОЛОДИМИР,55,20:57,20:02,0,0
2026-10-07 19:31:10,113/114|ХАРКІВ-ПАС.@20261007-1819,113/114|ХАРКІВ-ПАС.,25,ІВАНИЧІ,55,21:32,20:37,0,0
2026-10-07 19:31:10,113/114|ХАРКІВ-ПАС.@20261007-1819,113/114|ХАРКІВ-ПАС.,26,СОКАЛЬ,55,22:00,21:05,0,0
2026-10-07 19:31:10,113/114|ХАРКІВ-ПАС.@20261007-1819,113/114|ХАРКІВ-ПАС.,27,ШЕПТИЦЬКИЙ,55,22:16,21:21,0,0
2026-10-07 19:31:10,113/114|ХАРКІВ-ПАС.@20261007-1819,113/114|ХАРКІВ-ПАС.,28,СОСНІВКА,55,22:42,21:47,0,0
2026-10-07 19:31:10,113/114|ХАРКІВ-ПАС.@20261007-1819,113/114|ХАРКІВ-ПАС.,29,ПІДЗАМЧЕ,55,23:55,23:00,0,0
2026-10-07 19:31:10,113/114|ХАРКІВ-ПАС.@20261007-1819,113/114|ХАРКІВ-ПАС.,30,ЛЬВІВ,55,00:13,23:18,0,1
2026-10-07 19:31:10,113/114|ХАРКІВ-ПАС.@20261007-1819,113/114|ХАРКІВ-ПАС.,31,СТРИЙ,55,01:46,00:51,0,0
2026-10-07 19:31:10,113/114|ХАРКІВ-ПАС.@20261007-1819,113/114|ХАРКІВ-ПАС.,32,СКОЛЕ,55,02:31,01:36,0,0
2026-10-07 19:31:10,113/114|ХАРКІВ-ПАС.@20261007-1819,113/114|ХАРКІВ-ПАС.,33,СЛАВСЬКО,55,03:07,02:12,0,0
2026-10-07 19:31:10,113/114|ХАРКІВ-ПАС.@20261007-1819,113/114|ХАРКІВ-ПАС.,34,ЛАВОЧНЕ,55,03:25,02:30,0,0
2026-10-07 19:31:10,113/114|ХАРКІВ-ПАС.@20261007-1819,113/114|ХАРКІВ-ПАС.,35,ВОЛОВЕЦЬ,55,04:12,03:17,0,0
2026-10-07 19:31:10,113/114|ХАРКІВ-ПАС.@20261007-1819,113/114|ХАРКІВ-ПАС.,36,СВАЛЯВА,55,04:54,03:59,0,0
2026-10-07 19:31:10,113/114|ХАРКІВ-ПАС.@20261007-1819,113/114|ХАРКІВ-ПАС.,37,КАРПАТИ,55,05:17,04:22,0,0
2026-10-07 19:31:10,113/114|ХАРКІВ-ПАС.@20261007-1819,113/114|ХАРКІВ-ПАС.,38,МУКАЧЕВО,55,05:36,04:41,0,0
2026-10-07 19:31:10,113/114|ХАРКІВ-ПАС.@20261007-1819,113/114|ХАРКІВ-ПАС.,39,БАТЬОВО-ПАС.,55,06:22,05:27,0,0
2026-10-07 19:31:10,113/114|ХАРКІВ-ПАС.@20261007-1819,113/114|ХАРКІВ-ПАС.,40,ЧОП,55,06:57,06:02,0,0
2026-10-07 19:31:10,113/114|ХАРКІВ-ПАС.@20261007-1819,113/114|ХАРКІВ-ПАС.,41,УЖГОРОД,55,07:46,06:51,0,0
2026-10-07 19:31:10,733/734|КИЇВ-ПАС.@20261007-1845,733/734|КИЇВ-ПАС.,2,ІМ.ТАРАСА ШЕВЧЕНКА,41,19:06,18:25,1,0
2026-10-07 19:45:55,3/4|ДНІПРО-ГОЛОВНИЙ@20261007-1819,3/4|ДНІПРО-ГОЛОВНИЙ,5,ІМ.ТАРАСА ШЕВЧЕНКА,259,00:56,20:37,0,0
2026-10-07 19:45:55,3/4|ДНІПРО-ГОЛОВНИЙ@20261007-1819,3/4|ДНІПРО-ГОЛОВНИЙ,6,БІЛА ЦЕРКВА,259,03:34,23:15,0,0
2026-10-07 19:45:55,3/4|ДНІПРО-ГОЛОВНИЙ@20261007-1819,3/4|ДНІПРО-ГОЛОВНИЙ,7,БЕРДИЧІВ,259,05:44,01:25,0,0
2026-10-07 19:45:55,3/4|ДНІПРО-ГОЛОВНИЙ@20261007-1819,3/4|ДНІПРО-ГОЛОВНИЙ,8,ЛЬВІВ,259,10:06,05:47,0,1
2026-10-07 19:45:55,3/4|ДНІПРО-ГОЛОВНИЙ@20261007-1819,3/4|ДНІПРО-ГОЛОВНИЙ,9,СТРИЙ,259,11:30,07:11,0,0
2026-10-07 19:45:55,3/4|ДНІПРО-ГОЛОВНИЙ@20261007-1819,3/4|ДНІПРО-ГОЛОВНИЙ,10,СЛАВСЬКО,259,12:27,08:08,0,0
2026-10-07 19:45:55,3/4|ДНІПРО-ГОЛОВНИЙ@20261007-1819,3/4|ДНІПРО-ГОЛОВНИЙ,11,ВОЛОВЕЦЬ,259,13:17,08:58,0,0
2026-10-07 19:45:55,3/4|ДНІПРО-ГОЛОВНИЙ@20261007-1819,3/4|ДНІПРО-ГОЛОВНИЙ,12,СВАЛЯВА,259,13:48,09:29,0,0
2026-10-07 19:45:55,3/4|ДНІПРО-ГОЛОВНИЙ@20261007-1819,3/4|ДНІПРО-ГОЛОВНИЙ,13,МУКАЧЕВО,259,14:14,09:55,0,0
2026-10-07 19:45:55,3/4|ДНІПРО-ГОЛОВНИЙ@20261007-1819,3/4|ДНІПРО-ГОЛОВНИЙ,14,УЖГОРОД,259,15:29,11:10,0,0
2026-10-07 19:45:55,93/94|ХАРКІВ-ПАС.@20261007-1945,93/94|ХАРКІВ-ПАС.,0,ХАРКІВ-ПАС.,104,,,1,1
2026-10-07 19:45:55,93/94|ХАРКІВ-ПАС.@20261007-1945,93/94|ХАРКІВ-ПАС.,1,ПОЛТАВА-КИЇВСЬКА,108,21:10,19:22,0,1
2026-10-07 19:45:55,93/94|ХАРКІВ-ПАС.@20261007-1945,93/94|ХАРКІВ-ПАС.,2,МИРГОРОД,108,22:41,20:53,0,0
2026-10-07 19:45:55,93/94|ХАРКІВ-ПАС.@20261007-1945,93/94|ХАРКІВ-ПАС.,3,КИЇВ-ПАС.,108,01:27,23:39,0,1
2026-10-07 19:45:55,93/94|ХАРКІВ-ПАС.@20261007-1945,93/94|ХАРКІВ-ПАС.,4,РІВНЕ,108,06:50,05:02,0,0
2026-10-07 19:45:55,93/94|ХАРКІВ-ПАС.@20261007-1945,93/94|ХАРКІВ-ПАС.,5,КІВЕРЦІ,108,07:44,05:56,0,0
2026-10-07 19:45:55,93/94|ХАРКІВ-ПАС.@20261007-1945,93/94|ХАРКІВ-ПАС.,6,КОВЕЛЬ-ПАС.,108,08:41,06:53,0,0
2026-10-07 19:45:55,93/94|ХАРКІВ-ПАС.@20261007-1945,93/94|ХАРКІВ-ПАС.,7,ХЕЛМ,108,13:35,11:47,0,0
2026-10-07 19:45:55,63/64|ХАРКІВ-ПАС.@20261007-1819,63/64|ХАРКІВ-ПАС.,13,ПЕРЕМИШЛЬ,106,19:45,17:59,0,0
2026-10-07 19:45:55,77/78|КОВЕЛЬ-ПАС.@20261007-1945,77/78|КОВЕЛЬ-ПАС.,0,КОВЕЛЬ-ПАС.,82,,,1,0
2026-10-07 19:45:55,77/78|КОВЕЛЬ-ПАС.@20261007-1945,77/78|КОВЕЛЬ-ПАС.,1,РОЖИЩЕ,,,18:46,1,0
2026-10-07 19:45:55,77/78|КОВЕЛЬ-ПАС.@20261007-1945,77/78|КОВЕЛЬ-ПАС.,2,КІВЕРЦІ,,,19:02,1,0
2026-10-07 19:45:55,77/78|КОВЕЛЬ-ПАС.@20261007-1945,77/78|КОВЕЛЬ-ПАС.,3,ДАЧНЕ,80,20:52,19:32,0,0
2026-10-07 19:45:55,77/78|КОВЕЛЬ-ПАС.@20261007-1945,77/78|КОВЕЛЬ-ПАС.,4,ПРОМИСЛОВА,80,20:56,19:36,0,0
2026-10-07 19:45:55,77/78|КОВЕЛЬ-ПАС.@20261007-1945,77/78|КОВЕЛЬ-ПАС.,5,ЛУЦЬК,80,21:00,19:40,0,0
2026-10-07 19:45:55,77/78|КОВЕЛЬ-ПАС.@20261007-1945,77/78|КОВЕЛЬ-ПАС.,6,КЛЕВАНЬ,80,22:09,20:49,0,0
2026-10-07 19:45:55,77/78|КОВЕЛЬ-ПАС.@20261007-1945,77/78|КОВЕЛЬ-ПАС.,7,РІВНЕ,80,22:31,21:11,0,0
2026-10-07 19:45:55,77/78|КОВЕЛЬ-ПАС.@20261007-1945,77/78|КОВЕЛЬ-ПАС.,8,ЗДОЛБУНІВ-ПАС.,80,22:49,21:29,0,0
2026-10-07 19:45:55,77/78|КОВЕЛЬ-ПАС.@20261007-1945,77/78|КОВЕЛЬ-ПАС.,9,ОСТРОГ,80,23:10,21:50,0,0
2026-10-07 19:45:55,77/78|КОВЕЛЬ-ПАС.@20261007-1945,77/78|КОВЕЛЬ-ПАС.,10,КРИВИН,80,23:27,22:07,0,0
2026-10-07 19:45:55,77/78|КОВЕЛЬ-ПАС.@20261007-1945,77/78|КОВЕЛЬ-ПАС.,11,СЛАВУТА-1,80,23:41,22:21,0,0
2026-10-07 19:45:55,77/78|КОВЕЛЬ-ПАС.@20261007-1945,77/78|КОВЕЛЬ-ПАС.,12,ШЕПЕТІВКА,80,00:14,22:54,0,0
2026-10-07 19:45:55,77/78|КОВЕЛЬ-ПАС.@20261007-1945,77/78|КОВЕЛЬ-ПАС.,13,ПОЛОННЕ,80,00:49,23:29,0,0
2026-10-07 19:45:55,77/78|КОВЕЛЬ-ПАС.@20261007-1945,77/78|КОВЕЛЬ-ПАС.,14,ПЕЧАНІВКА,80,01:11,23:51,0,0
2026-10-07 19:45:55,77/78|КОВЕЛЬ-ПАС.@20261007-1945,77/78|КОВЕЛЬ-ПАС.,15,ЧУДНІВ-ВОЛИНСЬКИЙ,80,01:33,00:13,0,0
2026-10-07 19:45:55,77/78|КОВЕЛЬ-ПАС.@20261007-1945,77/78|КОВЕЛЬ-ПАС.,16,БЕРДИЧІВ,80,02:05,00:45,0,0
2026-10-07 19:45:55,77/78|КОВЕЛЬ-ПАС.@20261007-1945,77/78|КОВЕЛЬ-ПАС.,17,КОЗЯТИН-1,80,02:31,01:11,0,0
2026-10-07 19:45:55,77/78|КОВЕЛЬ-ПАС.@20261007-1945,77/78|КОВЕЛЬ-ПАС.,18,КАЛИНІВКА-1,80,03:22,02:02,0,0
2026-10-07 19:45:55,77/78|КОВЕЛЬ-ПАС.@20261007-1945,77/78|КОВЕЛЬ-ПАС.,19,ВІННИЦЯ,80,03:43,02:23,0,0
2026-10-07 19:45:55,77/78|КОВЕЛЬ-ПАС.@20261007-1945,77/78|КОВЕЛЬ-ПАС.,20,ЖМЕРИНКА-ПАС.,80,04:23,03:03,0,0
2026-10-07 19:45:55,77/78|КОВЕЛЬ-ПАС.@20261007-1945,77/78|КОВЕЛЬ-ПАС.,21,ЯРОШЕНКА,80,05:01,03:41,0,0
2026-10-07 19:45:55,77/78|КОВЕЛЬ-ПАС.@20261007-1945,77/78|КОВЕЛЬ-ПАС.,22,ВАПНЯРКА,80,05:41,04:21,0,0
2026-10-07 19:45:55,77/78|КОВЕЛЬ-ПАС.@20261007-1945,77/78|КОВЕЛЬ-ПАС.,23,КРИЖОПІЛЬ,80,06:02,04:42,0,0
2026-10-07 19:45:55,77/78|КОВЕЛЬ-ПАС.@20261007-1945,77/78|КОВЕЛЬ-ПАС.,24,РУДНИЦЯ,80,06:16,04:56,0,0
2026-10-07 19:45:55,77/78|КОВЕЛЬ-ПАС.@20261007-1945,77/78|КОВЕЛЬ-ПАС.,25,КОДИМА,80,06:38,05:18,0,0
2026-10-07 19:45:55,77/78|КОВЕЛЬ-ПАС.@20261007-1945,77/78|КОВЕЛЬ-ПАС.,26,СЛОБІДКА,80,07:03,05:43,0,0
2026-10-07 19:45:55,77/78|КОВЕЛЬ-ПАС.@20261007-1945,77/78|КОВЕЛЬ-ПАС.,27,ПОДІЛЬСЬК,80,07:30,06:10,0,0
2026-10-07 19:45:55,77/78|КОВЕЛЬ-ПАС.@20261007-1945,77/78|КОВЕЛЬ-ПАС.,28,РОЗДІЛЬНА-1,80,09:04,07:44,0,0
2026-10-07 19:45:55,77/78|КОВЕЛЬ-ПАС.@20261007-1945,77/78|КОВЕЛЬ-ПАС.,29,ОДЕСА-ГОЛОВНА,80,10:06,08:46,0,1
2026-10-07 19:45:55,749/750|КИЇВ-ПАС.@20261007-1819,749/750|КИЇВ-ПАС.,3,СТРИЙ,68,21:22,20:14,0,0
2026-10-07 19:45:55,749/750|КИЇВ-ПАС.@20261007-1819,749/750|КИЇВ-ПАС.,4,СВАЛЯВА,68,23:31,22:23,0,0
2026-10-07 19:45:55,749/750|КИЇВ-ПАС.@20261007-1819,749/750|КИЇВ-ПАС.,5,МУКАЧЕВО,68,23:55,22:47,0,0
2026-10-07 19:45:55,749/750|КИЇВ-ПАС.@20261007-1819,749/750|КИЇВ-ПАС.,6,ЧОП,68,00:45,23:37,0,0
2026-10-07 19:45:55,749/750|КИЇВ-ПАС.@20261007-1819,749/750|КИЇВ-ПАС.,7,УЖГОРОД,68,01:31,00:23,0,0
2026-10-07 19:45:55,9/10|КИЇВ-ПАС.@20261007-1819,9/10|КИЇВ-ПАС.,3,МУКАЧЕВО,62,21:08,20:06,0,0
2026-10-07 19:45:55,9/10|КИЇВ-ПАС.@20261007-1819,9/10|КИЇВ-ПАС.,4,ЧОП,62,21:56,20:54,0,0
2026-10-07 19:45:55,5/6|ЗАПОРІЖЖЯ-1@20261007-1819,5/6|ЗАПОРІЖЖЯ-1,7,ЗНАМ'ЯНКА-ПАС.,,,19:12,1,0
2026-10-07 19:45:55,127/128|ДНІПРО-ГОЛОВНИЙ@20261007-1819,127/128|ДНІПРО-ГОЛОВНИЙ,2,ВЕРХІВЦЕВЕ,55,19:32,18:37,1,0
2026-10-07 19:45:55,127/128|ДНІПРО-ГОЛОВНИЙ@20261007-1819,127/128|ДНІПРО-ГОЛОВНИЙ,3,П'ЯТИХАТКИ,55,20:23,19:28,0,0
2026-10-07 19:45:55,127/128|ДНІПРО-ГОЛОВНИЙ@20261007-1819,127/128|ДНІПРО-ГОЛОВНИЙ,4,ОЛЕКСАНДРІЯ,55,21:55,21:00,0,0
2026-10-07 19:45:55,127/128|ДНІПРО-ГОЛОВНИЙ@20261007-1819,127/128|ДНІПРО-ГОЛОВНИЙ,5,КОРИСТІВКА,55,22:07,21:12,0,0
2026-10-07 19:45:55,127/128|ДНІПРО-ГОЛОВНИЙ@20261007-1819,127/128|ДНІПРО-ГОЛОВНИЙ,6,ЗНАМ'ЯНКА-ПАС.,55,22:40,21:45,0,0
2026-10-07 19:45:55,127/128|ДНІПРО-ГОЛОВНИЙ@20261007-1819,127/128|ДНІПРО-ГОЛОВНИЙ,7,КРОПИВНИЦЬКИЙ,55,23:47,22:52,0,0
2026-10-07 19:45:55,127/128|ДНІПРО-ГОЛОВНИЙ@20261007-1819,127/128|ДНІПРО-ГОЛОВНИЙ,8,ПЛЕТЕНИЙ ТАШЛИК,55,00:27,23:32,0,0
2026-10-07 19:45:55,127/128|ДНІПРО-ГОЛОВНИЙ@20261007-1819,127/128|ДНІПРО-ГОЛОВНИЙ,9,НОВОУКРАЇНКА,55,00:47,23:52,0,0
2026-10-07 19:45:55,127/128|ДНІПРО-ГОЛОВНИЙ@20261007-1819,127/128|ДНІПРО-ГОЛОВНИЙ,10,ПОМІЧНА,55,01:05,00:10,0,0
2026-10-07 19:45:55,127/128|ДНІПРО-ГОЛОВНИЙ@20261007-1819,127/128|ДНІПРО-ГОЛОВНИЙ,11,ГОЛТА,55,02:12,01:17,0,0
2026-10-07 19:45:55,127/128|ДНІПРО-ГОЛОВНИЙ@20261007-1819,127/128|ДНІПРО-ГОЛОВНИЙ,12,ВРАДІЇВКА,55,02:51,01:56,0,0
2026-10-07 19:45:55,127/128|ДНІПРО-ГОЛОВНИЙ@20261007-1819,127/128|ДНІПРО-ГОЛОВНИЙ,13,ЛЮБАШІВКА,55,03:20,02:25,0,0
2026-10-07 19:45:55,127/128|ДНІПРО-ГОЛОВНИЙ@20261007-1819,127/128|ДНІПРО-ГОЛОВНИЙ,14,БАЛТА,55,04:21,03:26,0,0
2026-10-07 19:45:55,127/128|ДНІПРО-ГОЛОВНИЙ@20261007-1819,127/128|ДНІПРО-ГОЛОВНИЙ,15,СЛОБІДКА,55,04:57,04:02,0,0
2026-10-07 19:45:55,127/128|ДНІПРО-ГОЛОВНИЙ@20261007-1819,127/128|ДНІПРО-ГОЛОВНИЙ,16,КОДИМА,55,05:25,04:30,0,0
2026-10-07 19:45:55,127/128|ДНІПРО-ГОЛОВНИЙ@20261007-1819,127/128|ДНІПРО-ГОЛОВНИЙ,17,КРИЖОПІЛЬ,55,05:57,05:02,0,0
2026-10-07 19:45:55,127/128|ДНІПРО-ГОЛОВНИЙ@20261007-1819,127/128|ДНІПРО-ГОЛОВНИЙ,18,ВАПНЯРКА,55,06:18,05:23,0,0
2026-10-07 19:45:55,127/128|ДНІПРО-ГОЛОВНИЙ@20261007-1819,127/128|ДНІПРО-ГОЛОВНИЙ,19,ЖМЕРИНКА-ПАС.,55,07:27,06:32,0,0
2026-10-07 19:45:55,127/128|ДНІПРО-ГОЛОВНИЙ@20261007-1819,127/128|ДНІПРО-ГОЛОВНИЙ,20,ДЕРАЖНЯ,55,08:42,07:47,0,0
2026-10-07 19:45:55,127/128|ДНІПРО-ГОЛОВНИЙ@20261007-1819,127/128|ДНІПРО-ГОЛОВНИЙ,21,ХМЕЛЬНИЦЬКИЙ,55,09:16,08:21,0,0
2026-10-07 19:45:55,127/128|ДНІПРО-ГОЛОВНИЙ@20261007-1819,127/128|ДНІПРО-ГОЛОВНИЙ,22,ВОЛОЧИСЬК,55,10:16,09:21,0,0
2026-10-07 19:45:55,127/128|ДНІПРО-ГОЛОВНИЙ@20261007-1819,127/128|ДНІПРО-ГОЛОВНИЙ,23,ТЕРНОПІЛЬ-ПАС.,55,11:13,10:18,0,0
2026-10-07 19:45:55,127/128|ДНІПРО-ГОЛОВНИЙ@20261007-1819,127/128|ДНІПРО-ГОЛОВНИЙ,24,ЗЛОЧІВ,55,12:12,11:17,0,0
2026-10-07 19:45:55,127/128|ДНІПРО-ГОЛОВНИЙ@20261007-1819,127/128|ДНІПРО-ГОЛОВНИЙ,25,КРАСНЕ,55,12:37,11:42,0,0
2026-10-07 19:45:55,127/128|ДНІПРО-ГОЛОВНИЙ@20261007-1819,127/128|ДНІПРО-ГОЛОВНИЙ,26,ПІДЗАМЧЕ,55,13:10,12:15,0,0
2026-10-07 19:45:55,127/128|ДНІПРО-ГОЛОВНИЙ@20261007-1819,127/128|ДНІПРО-ГОЛОВНИЙ,27,ЛЬВІВ,55,13:24,12:29,0,1
2026-10-07 19:45:55,21/22|ЛЬВІВ@20261007-1845,21/22|ЛЬВІВ,3,ТЕРНОПІЛЬ-ПАС.,55,20:48,19:53,0,0
2026-10-07 19:45:55,21/22|ЛЬВІВ@20261007-1845,21/22|ЛЬВІВ,4,ХМЕЛЬНИЦЬКИЙ,55,22:37,21:42,0,0
2026-10-07 19:45:55,21/22|ЛЬВІВ@20261007-1845,21/22|ЛЬВІВ,5,ВІННИЦЯ,55,00:34,23:39,0,0
2026-10-07 19:45:55,21/22|ЛЬВІВ@20261007-1845,21/22|ЛЬВІВ,6,КОЗЯТИН-1,55,01:22,00:27,0,0
2026-10-07 19:45:55,21/22|ЛЬВІВ@20261007-1845,21/22|ЛЬВІВ,7,КИЇВ-ПАС.,55,03:16,02:21,0,1
2026-10-07 19:45:55,21/22|ЛЬВІВ@20261007-1845,21/22|ЛЬВІВ,8,ЛУБНИ,55,05:50,04:55,0,0
2026-10-07 19:45:55,21/22|ЛЬВІВ@20261007-1845,21/22|ЛЬВІВ,9,РОМОДАН,55,06:15,05:20,0,0
2026-10-07 19:45:55,21/22|ЛЬВІВ@20261007-1845,21/22|ЛЬВІВ,10,МИРГОРОД,55,06:40,05:45,0,0
2026-10-07 19:45:55,21/22|ЛЬВІВ@20261007-1845,21/22|ЛЬВІВ,11,ПОЛТАВА-КИЇВСЬКА,55,07:50,06:55,0,1
2026-10-07 19:45:55,21/22|ЛЬВІВ@20261007-1845,21/22|ЛЬВІВ,12,ЛЮБОТИН,55,09:49,08:54,0,0
2026-10-07 19:45:55,21/22|ЛЬВІВ@20261007-1845,21/22|ЛЬВІВ,13,ХАРКІВ-ПАС.,55,10:19,09:24,0,1
2026-10-07 19:45:55,1/2|ХАРКІВ-ПАС.@20261007-1819,1/2|ХАРКІВ-ПАС.,3,КИЇВ-ПАС.,51,22:08,21:17,0,1
2026-10-07 19:45:55,1/2|ХАРКІВ-ПАС.@20261007-1819,1/2|ХАРКІВ-ПАС.,4,ЛЬВІВ,51,04:43,03:52,0,1
2026-10-07 19:45:55,1/2|ХАРКІВ-ПАС.@20261007-1819,1/2|ХАРКІВ-ПАС.,5,ІВАНО-ФРАНКІВСЬК,51,07:08,06:17,0,0
2026-10-07 19:45:55,1/2|ХАРКІВ-ПАС.@20261007-1819,1/2|ХАРКІВ-ПАС.,6,ЯРЕМЧЕ,51,08:49,07:58,0,0
2026-10-07 19:45:55,1/2|ХАРКІВ-ПАС.@20261007-1819,1/2|ХАРКІВ-ПАС.,7,ТАТАРІВ-БУКОВЕЛЬ,51,09:14,08:23,0,0
2026-10-07 19:45:55,1/2|ХАРКІВ-ПАС.@20261007-1819,1/2|ХАРКІВ-ПАС.,8,ВОРОХТА,51,09:28,08:37,0,0
2026-10-07 19:45:55,1/2|ХАРКІВ-ПАС.@20261007-1819,1/2|ХАРКІВ-ПАС.,9,ЯСІНЯ,51,10:02,09:11,0,0
2026-10-07 19:45:55,1/2|ХАРКІВ-ПАС.@20261007-1819,1/2|ХАРКІВ-ПАС.,10,КВАСИ,51,10:26,09:35,0,0
2026-10-07 19:45:55,1/2|ХАРКІВ-ПАС.@20261007-1819,1/2|ХАРКІВ-ПАС.,11,РАХІВ,51,10:46,09:55,0,0
2026-10-07 19:45:55,113/114|ХАРКІВ-ПАС.@20261007-1819,113/114|ХАРКІВ-ПАС.,23,ТУРІЙСЬК,49,20:23,19:34,0,0
2026-10-07 19:45:55,113/114|ХАРКІВ-ПАС.@20261007-1819,113/114|ХАРКІВ-ПАС.,24,ВОЛОДИМИР,49,20:51,20:02,0,0
2026-10-07 19:45:55,113/114|ХАРКІВ-ПАС.@20261007-1819,113/114|ХАРКІВ-ПАС.,25,ІВАНИЧІ,49,21:26,20:37,0,0
2026-10-07 19:45:55,113/114|ХАРКІВ-ПАС.@20261007-1819,113/114|ХАРКІВ-ПАС.,26,СОКАЛЬ,49,21:54,21:05,0,0
2026-10-07 19:45:55,113/114|ХАРКІВ-ПАС.@20261007-1819,113/114|ХАРКІВ-ПАС.,27,ШЕПТИЦЬКИЙ,49,22:10,21:21,0,0
2026-10-07 19:45:55,113/114|ХАРКІВ-ПАС.@20261007-1819,113/114|ХАРКІВ-ПАС.,28,СОСНІВКА,49,22:36,21:47,0,0
2026-10-07 19:45:55,113/114|ХАРКІВ-ПАС.@20261007-1819,113/114|ХАРКІВ-ПАС.,29,ПІДЗАМЧЕ,49,23:49,23:00,0,0
2026-10-07 19:45:55,113/114|ХАРКІВ-ПАС.@20261007-1819,113/114|ХАРКІВ-ПАС.,30,ЛЬВІВ,49,00:07,23:18,0,1
2026-10-07 19:45:55,113/114|ХАРКІВ-ПАС.@20261007-1819,113/114|ХАРКІВ-ПАС.,31,СТРИЙ,49,01:40,00:51,0,0
2026-10-07 19:45:55,113/114|ХАРКІВ-ПАС.@20261007-1819,113/114|ХАРКІВ-ПАС.,32,СКОЛЕ,49,02:25,01:36,0,0
2026-10-07 19:45:55,113/114|ХАРКІВ-ПАС.@20261007-1819,113/114|ХАРКІВ-ПАС.,33,СЛАВСЬКО,49,03:01,02:12,0,0
2026-10-07 19:45:55,113/114|ХАРКІВ-ПАС.@20261007-1819,113/114|ХАРКІВ-ПАС.,34,ЛАВОЧНЕ,49,03:19,02:30,0,0
2026-10-07 19:45:55,113/114|ХАРКІВ-ПАС.@20261007-1819,113/114|ХАРКІВ-ПАС.,35,ВОЛОВЕЦЬ,49,04:06,03:17,0,0
2026-10-07 19:45:55,113/114|ХАРКІВ-ПАС.@20261007-1819,113/114|ХАРКІВ-ПАС.,36,СВАЛЯВА,49,04:48,03:59,0,0
2026-10-07 19:45:55,113/114|ХАРКІВ-ПАС.@20261007-1819,113/114|ХАРКІВ-ПАС.,37,КАРПАТИ,49,05:11,04:22,0,0
2026-10-07 19:45:55,113/114|ХАРКІВ-ПАС.@20261007-1819,113/114|ХАРКІВ-ПАС.,38,МУКАЧЕВО,49,05:30,04:41,0,0
2026-10-07 19:45:55,113/114|ХАРКІВ-ПАС.@20261007-1819,113/114|ХАРКІВ-ПАС.,39,БАТЬОВО-ПАС.,49,06:16,05:27,0,0
2026-10-07 19:45:55,113/114|ХАРКІВ-ПАС.@20261007-1819,113/114|ХАРКІВ-ПАС.,40,ЧОП,49,06:51,06:02,0,0
2026-10-07 19:45:55,113/114|ХАРКІВ-ПАС.@20261007-1819,113/114|ХАРКІВ-ПАС.,41,УЖГОРОД,49,07:40,06:51,0,0
2026-10-07 19:45:55,63/64|ПЕРЕМИШЛЬ@20261007-1845,63/64|ПЕРЕМИШЛЬ,4,КИЇВ-ПАС.,48,21:45,20:57,0,1
2026-10-07 19:45:55,63/64|ПЕРЕМИШЛЬ@20261007-1845,63/64|ПЕРЕМИШЛЬ,5,ДАРНИЦЯ,48,23:05,22:17,0,0
2026-10-07 19:45:55,63/64|ПЕРЕМИШЛЬ@20261007-1845,63/64|ПЕРЕМИШЛЬ,6,ГРЕБІНКА,48,00:33,23:45,0,0
2026-10-07 19:45:55,63/64|ПЕРЕМИШЛЬ@20261007-1845,63/64|ПЕРЕМИШЛЬ,7,РОМОДАН,48,01:42,00:54,0,0
2026-10-07 19:45:55,63/64|ПЕРЕМИШЛЬ@20261007-1845,63/64|ПЕРЕМИШЛЬ,8,МИРГОРОД,48,02:12,01:24,0,0
2026-10-07 19:45:55,63/64|ПЕРЕМИШЛЬ@20261007-1845,63/64|ПЕРЕМИШЛЬ,9,ПОЛТАВА-КИЇВСЬКА,48,04:11,03:23,0,1
2026-10-07 19:45:55,63/64|ПЕРЕМИШЛЬ@20261007-1845,63/64|ПЕРЕМИШЛЬ,10,ЛЮБОТИН,48,06:19,05:31,0,0
2026-10-07 19:45:55,63/64|ПЕРЕМИШЛЬ@20261007-1845,63/64|ПЕРЕМИШЛЬ,11,ХАРКІВ-ПАС.,48,06:50,06:02,0,1
2026-10-07 19:45:55,733/734|КИЇВ-ПАС.@20261007-1845,733/734|КИЇВ-ПАС.,3,ЗНАМ'ЯНКА-ПАС.,41,20:14,19:33,0,0
2026-10-07 19:45:55,733/734|КИЇВ-ПАС.@20261007-1845,733/734|КИЇВ-ПАС.,4,ОЛЕКСАНДРІЯ,41,20:48,20:07,0,0
2026-10-07 19:45:55,733/734|КИЇВ-ПАС.@20261007-1845,733/734|КИЇВ-ПАС.,5,П'ЯТИХАТКИ,41,21:38,20:57,0,0
2026-10-07 19:45:55,733/734|КИЇВ-ПАС.@20261007-1845,733/734|КИЇВ-ПАС.,6,КАМ'ЯНСЬКЕ-ПАС.,41,22:24,21:43,0,0
2026-10-07 19:45:55,733/734|КИЇВ-ПАС.@20261007-1845,733/734|КИЇВ-ПАС.,7,ДНІПРО-ГОЛОВНИЙ,41,22:51,22:10,0,1
2026-10-07 20:01:28,85/86|ДНІПРО-ГОЛОВНИЙ@20261007-1819,85/86|ДНІПРО-ГОЛОВНИЙ,1,КАМ'ЯНСЬКЕ-ПАС.,267,19:46,15:19,1,0
2026-10-07 20:01:28,41/42|ДНІПРО-ГОЛОВНИЙ@20261007-1819,41/42|ДНІПРО-ГОЛОВНИЙ,1,КАМ'ЯНСЬКЕ-ПАС.,267,19:46,15:19,1,0
2026-10-07 20:01:28,93/94|ХАРКІВ-ПАС.@20261007-1945,93/94|ХАРКІВ-ПАС.,1,ПОЛТАВА-КИЇВСЬКА,,,19:22,1,1
2026-10-07 20:01:28,21/22|ЛЬВІВ@20261007-1845,21/22|ЛЬВІВ,2,ЗЛОЧІВ,50,19:45,18:55,1,0
2026-10-07 20:01:28,113/114|ХАРКІВ-ПАС.@20261007-1819,113/114|ХАРКІВ-ПАС.,22,КОВЕЛЬ-ПАС.,57,19:48,18:51,1,0
2026-10-07 20:15:53,85/86|ДНІПРО-ГОЛОВНИЙ@20261007-1819,85/86|ДНІПРО-ГОЛОВНИЙ,2,ВЕРХНЬОДНІПРОВСЬК,247,20:08,16:01,1,1
2026-10-07 20:15:53,3/4|ДНІПРО-ГОЛОВНИЙ@20261007-1819,3/4|ДНІПРО-ГОЛОВНИЙ,5,ІМ.ТАРАСА ШЕВЧЕНКА,258,00:55,20:37,0,0
2026-10-07 20:15:53,3/4|ДНІПРО-ГОЛОВНИЙ@20261007-1819,3/4|ДНІПРО-ГОЛОВНИЙ,6,БІЛА ЦЕРКВА,258,03:33,23:15,0,0
2026-10-07 20:15:53,3/4|ДНІПРО-ГОЛОВНИЙ@20261007-1819,3/4|ДНІПРО-ГОЛОВНИЙ,7,БЕРДИЧІВ,258,05:43,01:25,0,0
2026-10-07 20:15:53,3/4|ДНІПРО-ГОЛОВНИЙ@20261007-1819,3/4|ДНІПРО-ГОЛОВНИЙ,8,ЛЬВІВ,258,10:05,05:47,0,1
2026-10-07 20:15:53,3/4|ДНІПРО-ГОЛОВНИЙ@20261007-1819,3/4|ДНІПРО-ГОЛОВНИЙ,9,СТРИЙ,258,11:29,07:11,0,0
2026-10-07 20:15:53,3/4|ДНІПРО-ГОЛОВНИЙ@20261007-1819,3/4|ДНІПРО-ГОЛОВНИЙ,10,СЛАВСЬКО,258,12:26,08:08,0,0
2026-10-07 20:15:53,3/4|ДНІПРО-ГОЛОВНИЙ@20261007-1819,3/4|ДНІПРО-ГОЛОВНИЙ,11,ВОЛОВЕЦЬ,258,13:16,08:58,0,0
2026-10-07 20:15:53,3/4|ДНІПРО-ГОЛОВНИЙ@20261007-1819,3/4|ДНІПРО-ГОЛОВНИЙ,12,СВАЛЯВА,258,13:47,09:29,0,0
2026-10-07 20:15:53,3/4|ДНІПРО-ГОЛОВНИЙ@20261007-1819,3/4|ДНІПРО-ГОЛОВНИЙ,13,МУКАЧЕВО,258,14:13,09:55,0,0
2026-10-07 20:15:53,3/4|ДНІПРО-ГОЛОВНИЙ@20261007-1819,3/4|ДНІПРО-ГОЛОВНИЙ,14,УЖГОРОД,258,15:28,11:10,0,0
2026-10-07 20:15:53,41/42|ДНІПРО-ГОЛОВНИЙ@20261007-1819,41/42|ДНІПРО-ГОЛОВНИЙ,2,ВЕРХНЬОДНІПРОВСЬК,247,20:08,16:01,1,1
2026-10-07 20:15:53,41/42|ДНІПРО-ГОЛОВНИЙ@20261007-1819,41/42|ДНІПРО-ГОЛОВНИЙ,7,ЗНАМ'ЯНКА-ПАС.,252,00:00,19:48,0,0
2026-10-07 20:15:53,41/42|ДНІПРО-ГОЛОВНИЙ@20261007-1819,41/42|ДНІПРО-ГОЛОВНИЙ,8,ФУНДУКЛІЇВКА,252,01:04,20:52,0,0
2026-10-07 20:15:53,41/42|ДНІПРО-ГОЛОВНИЙ@20261007-1819,41/42|ДНІПРО-ГОЛОВНИЙ,9,КАМ'ЯНКА,252,01:20,21:08,0,0
2026-10-07 20:15:53,41/42|ДНІПРО-ГОЛОВНИЙ@20261007-1819,41/42|ДНІПРО-ГОЛОВНИЙ,10,ІМ.ТАРАСА ШЕВЧЕНКА,252,01:43,21:31,0,0
2026-10-07 20:15:53,41/42|ДНІПРО-ГОЛОВНИЙ@20261007-1819,41/42|ДНІПРО-ГОЛОВНИЙ,11,ГОРОДИЩЕ,252,02:48,22:36,0,0
2026-10-07 20:15:53,41/42|ДНІПРО-ГОЛОВНИЙ@20261007-1819,41/42|ДНІПРО-ГОЛОВНИЙ,12,КОРСУНЬ,252,03:10,22:58,0,0
2026-10-07 20:15:53,41/42|ДНІПРО-ГОЛОВНИЙ@20261007-1819,41/42|ДНІПРО-ГОЛОВНИЙ,13,МИРОНІВКА,252,03:49,23:37,0,0
2026-10-07 20:15:53,41/42|ДНІПРО-ГОЛОВНИЙ@20261007-1819,41/42|ДНІПРО-ГОЛОВНИЙ,14,БІЛА ЦЕРКВА,252,04:41,00:29,0,0
2026-10-07 20:15:53,41/42|ДНІПРО-ГОЛОВНИЙ@20261007-1819,41/42|ДНІПРО-ГОЛОВНИЙ,15,КОЗЯТИН-1,252,06:12,02:00,0,0
2026-10-07 20:15:53,41/42|ДНІПРО-ГОЛОВНИЙ@20261007-1819,41/42|ДНІПРО-ГОЛОВНИЙ,16,КАЛИНІВКА-1,252,06:56,02:44,0,0
2026-10-07 20:15:53,41/42|ДНІПРО-ГОЛОВНИЙ@20261007-1819,41/42|ДНІПРО-ГОЛОВНИЙ,17,ВІННИЦЯ,252,07:18,03:06,0,0
2026-10-07 20:15:53,41/42|ДНІПРО-ГОЛОВНИЙ@20261007-1819,41/42|ДНІПРО-ГОЛОВНИЙ,18,БРАЇЛІВ,252,07:55,03:43,0,0
2026-10-07 20:15:53,41/42|ДНІПРО-ГОЛОВНИЙ@20261007-1819,41/42|ДНІПРО-ГОЛОВНИЙ,19,ХМЕЛЬНИЦЬКИЙ,252,09:20,05:08,0,0
2026-10-07 20:15:53,41/42|ДНІПРО-ГОЛОВНИЙ@20261007-1819,41/42|ДНІПРО-ГОЛОВНИЙ,20,ВОЛОЧИСЬК,252,10:28,06:16,0,0
2026-10-07 20:15:53,41/42|ДНІПРО-ГОЛОВНИЙ@20261007-1819,41/42|ДНІПРО-ГОЛОВНИЙ,21,ПІДВОЛОЧИСЬК,252,10:38,06:26,0,0
2026-10-07 20:15:53,41/42|ДНІПРО-ГОЛОВНИЙ@20261007-1819,41/42|ДНІПРО-ГОЛОВНИЙ,22,ТЕРНОПІЛЬ-ПАС.,252,11:30,07:18,0,0
2026-10-07 20:15:53,41/42|ДНІПРО-ГОЛОВНИЙ@20261007-1819,41/42|ДНІПРО-ГОЛОВНИЙ,23,ЗЛОЧІВ,252,12:33,08:21,0,0
2026-10-07 20:15:53,41/42|ДНІПРО-ГОЛОВНИЙ@20261007-1819,41/42|ДНІПРО-ГОЛОВНИЙ,24,КРАСНЕ,252,12:59,08:47,0,0
2026-10-07 20:15:53,41/42|ДНІПРО-ГОЛОВНИЙ@20261007-1819,41/42|ДНІПРО-ГОЛОВНИЙ,25,ПІДЗАМЧЕ,252,13:32,09:20,0,0
2026-10-07 20:15:53,41/42|ДНІПРО-ГОЛОВНИЙ@20261007-1819,41/42|ДНІПРО-ГОЛОВНИЙ,26,ЛЬВІВ,252,13:45,09:33,0,1
2026-10-07 20:15:53,41/42|ДНІПРО-ГОЛОВНИЙ@20261007-1819,41/42|ДНІПРО-ГОЛОВНИЙ,27,ДРОГОБИЧ,252,15:39,11:27,0,0
2026-10-07 20:15:53,41/42|ДНІПРО-ГОЛОВНИЙ@20261007-1819,41/42|ДНІПРО-ГОЛОВНИЙ,28,ТРУСКАВЕЦЬ,252,16:22,12:10,0,0
2026-10-07 20:15:53,61/62|ДНІПРО-ГОЛОВНИЙ@20261007-1819,61/62|ДНІПРО-ГОЛОВНИЙ,4,П'ЯТИХАТКИ,193,19:53,16:40,1,0
2026-10-07 20:15:53,261/262|ДНІПРО-ГОЛОВНИЙ@20261007-1819,261/262|ДНІПРО-ГОЛОВНИЙ,4,П'ЯТИХАТКИ,193,19:53,16:40,1,0
2026-10-07 20:15:53,77/78|КОВЕЛЬ-ПАС.@20261007-1945,77/78|КОВЕЛЬ-ПАС.,1,РОЖИЩЕ,78,20:04,18:46,1,0
2026-10-07 20:15:53,77/78|КОВЕЛЬ-ПАС.@20261007-1945,77/78|КОВЕЛЬ-ПАС.,3,ДАЧНЕ,,,19:32,1,0
2026-10-07 20:15:53,77/78|КОВЕЛЬ-ПАС.@20261007-1945,77/78|КОВЕЛЬ-ПАС.,4,ПРОМИСЛОВА,,,19:36,1,0
2026-10-07 20:15:53,77/78|КОВЕЛЬ-ПАС.@20261007-1945,77/78|КОВЕЛЬ-ПАС.,5,ЛУЦЬК,,,19:40,1,0
2026-10-07 20:15:53,31/32|ЗАПОРІЖЖЯ-1@20261007-1819,31/32|ЗАПОРІЖЖЯ-1,7,КОРИСТІВКА,127,19:35,17:28,1,0
2026-10-07 20:15:53,31/32|ЗАПОРІЖЖЯ-1@20261007-1819,31/32|ЗАПОРІЖЖЯ-1,8,ЗНАМ'ЯНКА-ПАС.,,,17:55,1,0
2026-10-07 20:15:53,31/32|ЗАПОРІЖЖЯ-1@20261007-1819,31/32|ЗАПОРІЖЖЯ-1,9,ІМ.ТАРАСА ШЕВЧЕНКА,73,21:50,20:37,0,0
2026-10-07 20:15:53,31/32|ЗАПОРІЖЖЯ-1@20261007-1819,31/32|ЗАПОРІЖЖЯ-1,10,БІЛА ЦЕРКВА,73,00:28,23:15,0,0
2026-10-07 20:15:53,31/32|ЗАПОРІЖЖЯ-1@20261007-1819,31/32|ЗАПОРІЖЖЯ-1,11,БЕРДИЧІВ,73,02:38,01:25,0,0
2026-10-07 20:15:53,31/32|ЗАПОРІЖЖЯ-1@20261007-1819,31/32|ЗАПОРІЖЖЯ-1,12,ЛЬВІВ,73,07:00,05:47,0,1
2026-10-07 20:15:53,31/32|ЗАПОРІЖЖЯ-1@20261007-1819,31/32|ЗАПОРІЖЖЯ-1,13,ПЕРЕМИШЛЬ,73,10:32,09:19,0,0
2026-10-07 20:15:53,749/750|КИЇВ-ПАС.@20261007-1819,749/750|КИЇВ-ПАС.,2,ЛЬВІВ,77,20:08,18:51,1,1
2026-10-07 20:15:53,113/114|ХАРКІВ-ПАС.@20261007-1819,113/114|ХАРКІВ-ПАС.,23,ТУРІЙСЬК,,,19:34,1,0
2026-10-07 20:15:53,63/64|ПЕРЕМИШЛЬ@20261007-1845,63/64|ПЕРЕМИШЛЬ,4,ЧОРНОРУДКА,48,20:14,19:26,1,0
2026-10-07 20:15:53,63/64|ПЕРЕМИШЛЬ@20261007-1845,63/64|ПЕРЕМИШЛЬ,5,КИЇВ-ПАС.,48,21:45,20:57,0,1
2026-10-07 20:15:53,63/64|ПЕРЕМИШЛЬ@20261007-1845,63/64|ПЕРЕМИШЛЬ,6,ДАРНИЦЯ,48,23:05,22:17,0,0
2026-10-07 20:15:53,63/64|ПЕРЕМИШЛЬ@20261007-1845,63/64|ПЕРЕМИШЛЬ,7,ГРЕБІНКА,48,00:33,23:45,0,0
2026-10-07 20:15:53,63/64|ПЕРЕМИШЛЬ@20261007-1845,63/64|ПЕРЕМИШЛЬ,8,РОМОДАН,48,01:42,00:54,0,0
2026-10-07 20:15:53,63/64|ПЕРЕМИШЛЬ@20261007-1845,63/64|ПЕРЕМИШЛЬ,9,МИРГОРОД,48,02:12,01:24,0,0
2026-10-07 20:15:53,63/64|ПЕРЕМИШЛЬ@20261007-1845,63/64|ПЕРЕМИШЛЬ,10,ПОЛТАВА-КИЇВСЬКА,48,04:11,03:23,0,1
2026-10-07 20:15:53,63/64|ПЕРЕМИШЛЬ@20261007-1845,63/64|ПЕРЕМИШЛЬ,11,ЛЮБОТИН,48,06:19,05:31,0,0
2026-10-07 20:15:53,63/64|ПЕРЕМИШЛЬ@20261007-1845,63/64|ПЕРЕМИШЛЬ,12,ХАРКІВ-ПАС.,48,06:50,06:02,0,1
2026-10-07 20:15:53,127/128|ДНІПРО-ГОЛОВНИЙ@20261007-1819,127/128|ДНІПРО-ГОЛОВНИЙ,3,П'ЯТИХАТКИ,42,20:10,19:28,1,0
2026-10-07 20:15:53,127/128|ДНІПРО-ГОЛОВНИЙ@20261007-1819,127/128|ДНІПРО-ГОЛОВНИЙ,4,ОЛЕКСАНДРІЯ,42,21:42,21:00,0,0
2026-10-07 20:15:53,127/128|ДНІПРО-ГОЛОВНИЙ@20261007-1819,127/128|ДНІПРО-ГОЛОВНИЙ,5,КОРИСТІВКА,42,21:54,21:12,0,0
2026-10-07 20:15:53,127/128|ДНІПРО-ГОЛОВНИЙ@20261007-1819,127/128|ДНІПРО-ГОЛОВНИЙ,6,ЗНАМ'ЯНКА-ПАС.,42,22:27,21:45,0,0
2026-10-07 20:15:53,127/128|ДНІПРО-ГОЛОВНИЙ@20261007-1819,127/128|ДНІПРО-ГОЛОВНИЙ,7,КРОПИВНИЦЬКИЙ,42,23:34,22:52,0,0
2026-10-07 20:15:53,127/128|ДНІПРО-ГОЛОВНИЙ@20261007-1819,127/128|ДНІПРО-ГОЛОВНИЙ,8,ПЛЕТЕНИЙ ТАШЛИК,42,00:14,23:32,0,0
2026-10-07 20:15:53,127/128|ДНІПРО-ГОЛОВНИЙ@20261007-1819,127/128|ДНІПРО-ГОЛОВНИЙ,9,НОВОУКРАЇНКА,42,00:34,23:52,0,0
2026-10-07 20:15:53,127/128|ДНІПРО-ГОЛОВНИЙ@20261007-1819,127/128|ДНІПРО-ГОЛОВНИЙ,10,ПОМІЧНА,42,00:52,00:10,0,0
2026-10-07 20:15:53,127/128|ДНІПРО-ГОЛОВНИЙ@20261007-1819,127/128|ДНІПРО-ГОЛОВНИЙ,11,ГОЛТА,42,01:59,01:17,0,0
2026-10-07 20:15:53,127/128|ДНІПРО-ГОЛОВНИЙ@20261007-1819,127/128|ДНІПРО-ГОЛОВНИЙ,12,ВРАДІЇВКА,42,02:38,01:56,0,0
2026-10-07 20:15:53,127/128|ДНІПРО-ГОЛОВНИЙ@20261007-1819,127/128|ДНІПРО-ГОЛОВНИЙ,13,ЛЮБАШІВКА,42,03:07,02:25,0,0
2026-10-07 20:15:53,127/128|ДНІПРО-ГОЛОВНИЙ@20261007-1819,127/128|ДНІПРО-ГОЛОВНИЙ,14,БАЛТА,42,04:08,03:26,0,0
2026-10-07 20:15:53,127/128|ДНІПРО-ГОЛОВНИЙ@20261007-1819,127/128|ДНІПРО-ГОЛОВНИЙ,15,СЛОБІДКА,42,04:44,04:02,0,0
2026-10-07 20:15:53,127/128|ДНІПРО-ГОЛОВНИЙ@20261007-1819,127/128|ДНІПРО-ГОЛОВНИЙ,16,КОДИМА,42,05:12,04:30,0,0
2026-10-07 20:15:53,127/128|ДНІПРО-ГОЛОВНИЙ@20261007-1819,127/128|ДНІПРО-ГОЛОВНИЙ,17,КРИЖОПІЛЬ,42,05:44,05:02,0,0
2026-10-07 20:15:53,127/128|ДНІПРО-ГОЛОВНИЙ@20261007-1819,127/128|ДНІПРО-ГОЛОВНИЙ,18,ВАПНЯРКА,42,06:05,05:23,0,0
2026-10-07 20:15:53,127/128|ДНІПРО-ГОЛОВНИЙ@20261007-1819,127/128|ДНІПРО-ГОЛОВНИЙ,19,ЖМЕРИНКА-ПАС.,42,07:14,06:32,0,0
2026-10-07 20:15:53,127/128|ДНІПРО-ГОЛОВНИЙ@20261007-1819,127/128|ДНІПРО-ГОЛОВНИЙ,20,ДЕРАЖНЯ,42,08:29,07:47,0,0
2026-10-07 20:15:53,127/128|ДНІПРО-ГОЛОВНИЙ@20261007-1819,127/128|ДНІПРО-ГОЛОВНИЙ,21,ХМЕЛЬНИЦЬКИЙ,42,09:03,08:21,0,0
2026-10-07 20:15:53,127/128|ДНІПРО-ГОЛОВНИЙ@20261007-1819,127/128|ДНІПРО-ГОЛОВНИЙ,22,ВОЛОЧИСЬК,42,10:03,09:21,0,0
2026-10-07 20:15:53,127/128|ДНІПРО-ГОЛОВНИЙ@20261007-1819,127/128|ДНІПРО-ГОЛОВНИЙ,23,ТЕРНОПІЛЬ-ПАС.,42,11:00,10:18,0,0
2026-10-07 20:15:53,127/128|ДНІПРО-ГОЛОВНИЙ@20261007-1819,127/128|ДНІПРО-ГОЛОВНИЙ,24,ЗЛОЧІВ,42,11:59,11:17,0,0
2026-10-07 20:15:53,127/128|ДНІПРО-ГОЛОВНИЙ@20261007-1819,127/128|ДНІПРО-ГОЛОВНИЙ,25,КРАСНЕ,42,12:24,11:42,0,0
2026-10-07 20:15:53,127/128|ДНІПРО-ГОЛОВНИЙ@20261007-1819,127/128|ДНІПРО-ГОЛОВНИЙ,26,ПІДЗАМЧЕ,42,12:57,12:15,0,0
2026-10-07 20:15:53,127/128|ДНІПРО-ГОЛОВНИЙ@20261007-1819,127/128|ДНІПРО-ГОЛОВНИЙ,27,ЛЬВІВ,42,13:11,12:29,0,1
2026-10-07 20:15:53,733/734|КИЇВ-ПАС.@20261007-1845,733/734|КИЇВ-ПАС.,3,ЗНАМ'ЯНКА-ПАС.,,,19:33,1,0
2026-10-07 20:15:53,135/136|ОДЕСА-ГОЛОВНА@20261007-2001,135/136|ОДЕСА-ГОЛОВНА,0,ОДЕСА-ГОЛОВНА,,,19:26,1,1
2026-10-07 20:15:53,135/136|ОДЕСА-ГОЛОВНА@20261007-2001,135/136|ОДЕСА-ГОЛОВНА,1,РОЗДІЛЬНА-1,35,21:03,20:28,0,0
2026-10-07 20:15:53,135/136|ОДЕСА-ГОЛОВНА@20261007-2001,135/136|ОДЕСА-ГОЛОВНА,2,ЗАТИШШЯ,35,21:50,21:15,0,0
2026-10-07 20:15:53,135/136|ОДЕСА-ГОЛОВНА@20261007-2001,135/136|ОДЕСА-ГОЛОВНА,3,ПОДІЛЬСЬК,35,22:30,21:55,0,0
2026-10-07 20:15:53,135/136|ОДЕСА-ГОЛОВНА@20261007-2001,135/136|ОДЕСА-ГОЛОВНА,4,СЛОБІДКА,35,22:55,22:20,0,0
2026-10-07 20:15:53,135/136|ОДЕСА-ГОЛОВНА@20261007-2001,135/136|ОДЕСА-ГОЛОВНА,5,КОДИМА,35,23:22,22:47,0,0
2026-10-07 20:15:53,135/136|ОДЕСА-ГОЛОВНА@20261007-2001,135/136|ОДЕСА-ГОЛОВНА,6,РУДНИЦЯ,35,23:43,23:08,0,0
2026-10-07 20:15:53,135/136|ОДЕСА-ГОЛОВНА@20261007-2001,135/136|ОДЕСА-ГОЛОВНА,7,КРИЖОПІЛЬ,35,23:57,23:22,0,0
2026-10-07 20:15:53,135/136|ОДЕСА-ГОЛОВНА@20261007-2001,135/136|ОДЕСА-ГОЛОВНА,8,ВАПНЯРКА,35,00:18,23:43,0,0
2026-10-07 20:15:53,135/136|ОДЕСА-ГОЛОВНА@20261007-2001,135/136|ОДЕСА-ГОЛОВНА,9,РАХНИ,35,00:51,00:16,0,0
2026-10-07 20:15:53,135/136|ОДЕСА-ГОЛОВНА@20261007-2001,135/136|ОДЕСА-ГОЛОВНА,10,ЖМЕРИНКА-ПАС.,35,01:26,00:51,0,0
2026-10-07 20:15:53,135/136|ОДЕСА-ГОЛОВНА@20261007-2001,135/136|ОДЕСА-ГОЛОВНА,11,ДЕРАЖНЯ,35,02:39,02:04,0,0
2026-10-07 20:15:53,135/136|ОДЕСА-ГОЛОВНА@20261007-2001,135/136|ОДЕСА-ГОЛОВНА,12,ХМЕЛЬНИЦЬКИЙ,35,03:13,02:38,0,0
2026-10-07 20:15:53,135/136|ОДЕСА-ГОЛОВНА@20261007-2001,135/136|ОДЕСА-ГОЛОВНА,13,ВОЛОЧИСЬК,35,04:17,03:42,0,0
2026-10-07 20:15:53,135/136|ОДЕСА-ГОЛОВНА@20261007-2001,135/136|ОДЕСА-ГОЛОВНА,14,ТЕРНОПІЛЬ-ПАС.,35,05:13,04:38,0,0
2026-10-07 20:15:53,135/136|ОДЕСА-ГОЛОВНА@20261007-2001,135/136|ОДЕСА-ГОЛОВНА,15,ПОТУТОРИ,35,07:08,06:33,0,0
2026-10-07 20:15:53,135/136|ОДЕСА-ГОЛОВНА@20261007-2001,135/136|ОДЕСА-ГОЛОВНА,16,ПІДВИСОКЕ,35,07:36,07:01,0,0
2026-10-07 20:15:53,135/136|ОДЕСА-ГОЛОВНА@20261007-2001,135/136|ОДЕСА-ГОЛОВНА,17,РОГАТИН,35,08:22,07:47,0,0
2026-10-07 20:15:53,135/136|ОДЕСА-ГОЛОВНА@20261007-2001,135/136|ОДЕСА-ГОЛОВНА,18,ХОДОРІВ,35,09:18,08:43,0,0
2026-10-07 20:15:53,135/136|ОДЕСА-ГОЛОВНА@20261007-2001,135/136|ОДЕСА-ГОЛОВНА,19,ГАЛИЧ,35,10:01,09:26,0,0
2026-10-07 20:15:53,135/136|ОДЕСА-ГОЛОВНА@20261007-2001,135/136|ОДЕСА-ГОЛОВНА,20,ІВАНО-ФРАНКІВСЬК,35,10:38,10:03,0,0
2026-10-07 20:15:53,135/136|ОДЕСА-ГОЛОВНА@20261007-2001,135/136|ОДЕСА-ГОЛОВНА,21,КОЛОМИЯ,35,11:44,11:09,0,0
2026-10-07 20:15:53,135/136|ОДЕСА-ГОЛОВНА@20261007-2001,135/136|ОДЕСА-ГОЛОВНА,22,СНЯТИН,35,12:15,11:40,0,0
2026-10-07 20:15:53,135/136|ОДЕСА-ГОЛОВНА@20261007-2001,135/136|ОДЕСА-ГОЛОВНА,23,ЧЕРНІВЦІ,35,12:50,12:15,0,0
2026-10-07 20:15:53,25/26|ОДЕСА-ГОЛОВНА@20261007-2001,25/26|ОДЕСА-ГОЛОВНА,0,ОДЕСА-ГОЛОВНА,,,19:26,1,1
2026-10-07 20:15:53,25/26|ОДЕСА-ГОЛОВНА@20261007-2001,25/26|ОДЕСА-ГОЛОВНА,1,РОЗДІЛЬНА-1,35,21:03,20:28,0,0
2026-10-07 20:15:53,25/26|ОДЕСА-ГОЛОВНА@20261007-2001,25/26|ОДЕСА-ГОЛОВНА,2,ЗАТИШШЯ,35,21:50,21:15,0,0
2026-10-07 20:15:53,25/26|ОДЕСА-ГОЛОВНА@20261007-2001,25/26|ОДЕСА-ГОЛОВНА,3,ПОДІЛЬСЬК,35,22:30,21:55,0,0
2026-10-07 20:15:53,25/26|ОДЕСА-ГОЛОВНА@20261007-2001,25/26|ОДЕСА-ГОЛОВНА,4,СЛОБІДКА,35,22:55,22:20,0,0
2026-10-07 20:15:53,25/26|ОДЕСА-ГОЛОВНА@20261007-2001,25/26|ОДЕСА-ГОЛОВНА,5,КОДИМА,35,23:22,22:47,0,0
2026-10-07 20:15:53,25/26|ОДЕСА-ГОЛОВНА@20261007-2001,25/26|ОДЕСА-ГОЛОВНА,6,РУДНИЦЯ,35,23:43,23:08,0,0
2026-10-07 20:15:53,25/26|ОДЕСА-ГОЛОВНА@20261007-2001,25/26|ОДЕСА-ГОЛОВНА,7,КРИЖОПІЛЬ,35,23:57,23:22,0,0
2026-10-07 20:15:53,25/26|ОДЕСА-ГОЛОВНА@20261007-2001,25/26|ОДЕСА-ГОЛОВНА,8,ВАПНЯРКА,35,00:18,23:43,0,0
2026-10-07 20:15:53,25/26|ОДЕСА-ГОЛОВНА@20261007-2001,25/26|ОДЕСА-ГОЛОВНА,9,РАХНИ,35,00:51,00:16,0,0
2026-10-07 20:15:53,25/26|ОДЕСА-ГОЛОВНА@20261007-2001,25/26|ОДЕСА-ГОЛОВНА,10,ЖМЕРИНКА-ПАС.,35,01:26,00:51,0,0
2026-10-07 20:15:53,25/26|ОДЕСА-ГОЛОВНА@20261007-2001,25/26|ОДЕСА-ГОЛОВНА,11,ДЕРАЖНЯ,35,02:39,02:04,0,0
2026-10-07 20:15:53,25/26|ОДЕСА-ГОЛОВНА@20261007-2001,25/26|ОДЕСА-ГОЛОВНА,12,ХМЕЛЬНИЦЬКИЙ,35,03:13,02:38,0,0
2026-10-07 20:15:53,25/26|ОДЕСА-ГОЛОВНА@20261007-2001,25/26|ОДЕСА-ГОЛОВНА,13,ВОЛОЧИСЬК,35,04:17,03:42,0,0
2026-10-07 20:15:53,25/26|ОДЕСА-ГОЛОВНА@20261007-2001,25/26|ОДЕСА-ГОЛОВНА,14,ТЕРНОПІЛЬ-ПАС.,35,05:13,04:38,0,0
2026-10-07 20:15:53,25/26|ОДЕСА-ГОЛОВНА@20261007-2001,25/26|ОДЕСА-ГОЛОВНА,15,ПОТУТОРИ,35,07:08,06:33,0,0
2026-10-07 20:15:53,25/26|ОДЕСА-ГОЛОВНА@20261007-2001,25/26|ОДЕСА-ГОЛОВНА,16,ПІДВИСОКЕ,35,07:36,07:01,0,0
2026-10-07 20:15:53,25/26|ОДЕСА-ГОЛОВНА@20261007-2001,25/26|ОДЕСА-ГОЛОВНА,17,РОГАТИН,35,08:22,07:47,0,0
2026-10-07 20:15:53,25/26|ОДЕСА-ГОЛОВНА@20261007-2001,25/26|ОДЕСА-ГОЛОВНА,18,ХОДОРІВ,35,09:18,08:43,0,0
2026-10-07 20:15:53,25/26|ОДЕСА-ГОЛОВНА@20261007-2001,25/26|ОДЕСА-ГОЛОВНА,19,ГАЛИЧ,35,10:01,09:26,0,0
2026-10-07 20:15:53,25/26|ОДЕСА-ГОЛОВНА@20261007-2001,25/26|ОДЕСА-ГОЛОВНА,20,ІВАНО-ФРАНКІВСЬК,35,10:38,10:03,0,0
2026-10-07 20:15:53,25/26|ОДЕСА-ГОЛОВНА@20261007-2001,25/26|ОДЕСА-ГОЛОВНА,21,НАДВІРНА,35,11:57,11:22,0,0
2026-10-07 20:15:53,25/26|ОДЕСА-ГОЛОВНА@20261007-2001,25/26|ОДЕСА-ГОЛОВНА,22,ЯРЕМЧЕ,35,12:33,11:58,0,0
2026-10-07 20:15:53,25/26|ОДЕСА-ГОЛОВНА@20261007-2001,25/26|ОДЕСА-ГОЛОВНА,23,МИКУЛИЧИН,35,12:58,12:23,0,0
2026-10-07 20:15:53,25/26|ОДЕСА-ГОЛОВНА@20261007-2001,25/26|ОДЕСА-ГОЛОВНА,24,ТАТАРІВ-БУКОВЕЛЬ,35,13:10,12:35,0,0
2026-10-07 20:15:53,25/26|ОДЕСА-ГОЛОВНА@20261007-2001,25/26|ОДЕСА-ГОЛОВНА,25,ВОРОХТА,35,13:27,12:52,0,0
2026-10-07 20:15:53,25/26|ОДЕСА-ГОЛОВНА@20261007-2001,25/26|ОДЕСА-ГОЛОВНА,26,ЯСІНЯ,35,14:21,13:46,0,0
2026-10-07 20:31:13,3/4|ДНІПРО-ГОЛОВНИЙ@20261007-1819,3/4|ДНІПРО-ГОЛОВНИЙ,2,П'ЯТИХАТКИ,256,20:14,15:58,1,0
2026-10-07 20:31:13,85/86|ДНІПРО-ГОЛОВНИЙ@20261007-1819,85/86|ДНІПРО-ГОЛОВНИЙ,7,ЗНАМ'ЯНКА-ПАС.,,,19:48,1,0
2026-10-07 20:31:13,85/86|ДНІПРО-ГОЛОВНИЙ@20261007-1819,85/86|ДНІПРО-ГОЛОВНИЙ,8,ФУНДУКЛІЇВКА,247,00:59,20:52,0,0
2026-10-07 20:31:13,85/86|ДНІПРО-ГОЛОВНИЙ@20261007-1819,85/86|ДНІПРО-ГОЛОВНИЙ,9,КАМ'ЯНКА,247,01:15,21:08,0,0
2026-10-07 20:31:13,85/86|ДНІПРО-ГОЛОВНИЙ@20261007-1819,85/86|ДНІПРО-ГОЛОВНИЙ,10,ІМ.ТАРАСА ШЕВЧЕНКА,247,01:38,21:31,0,0
2026-10-07 20:31:13,85/86|ДНІПРО-ГОЛОВНИЙ@20261007-1819,85/86|ДНІПРО-ГОЛОВНИЙ,11,ГОРОДИЩЕ,247,02:43,22:36,0,0
2026-10-07 20:31:13,85/86|ДНІПРО-ГОЛОВНИЙ@20261007-1819,85/86|ДНІПРО-ГОЛОВНИЙ,12,КОРСУНЬ,247,03:05,22:58,0,0
2026-10-07 20:31:13,85/86|ДНІПРО-ГОЛОВНИЙ@20261007-1819,85/86|ДНІПРО-ГОЛОВНИЙ,13,МИРОНІВКА,247,03:44,23:37,0,0
2026-10-07 20:31:13,85/86|ДНІПРО-ГОЛОВНИЙ@20261007-1819,85/86|ДНІПРО-ГОЛОВНИЙ,14,БІЛА ЦЕРКВА,247,04:36,00:29,0,0
2026-10-07 20:31:13,85/86|ДНІПРО-ГОЛОВНИЙ@20261007-1819,85/86|ДНІПРО-ГОЛОВНИЙ,15,КОЗЯТИН-1,247,06:07,02:00,0,0
2026-10-07 20:31:13,85/86|ДНІПРО-ГОЛОВНИЙ@20261007-1819,85/86|ДНІПРО-ГОЛОВНИЙ,16,КАЛИНІВКА-1,247,06:51,02:44,0,0
2026-10-07 20:31:13,85/86|ДНІПРО-ГОЛОВНИЙ@20261007-1819,85/86|ДНІПРО-ГОЛОВНИЙ,17,ВІННИЦЯ,247,07:13,03:06,0,0
2026-10-07 20:31:13,85/86|ДНІПРО-ГОЛОВНИЙ@20261007-1819,85/86|ДНІПРО-ГОЛОВНИЙ,18,БРАЇЛІВ,247,07:50,03:43,0,0
2026-10-07 20:31:13,85/86|ДНІПРО-ГОЛОВНИЙ@20261007-1819,85/86|ДНІПРО-ГОЛОВНИЙ,19,ХМЕЛЬНИЦЬКИЙ,247,09:15,05:08,0,0
2026-10-07 20:31:13,85/86|ДНІПРО-ГОЛОВНИЙ@20261007-1819,85/86|ДНІПРО-ГОЛОВНИЙ,20,ВОЛОЧИСЬК,247,10:23,06:16,0,0
2026-10-07 20:31:13,85/86|ДНІПРО-ГОЛОВНИЙ@20261007-1819,85/86|ДНІПРО-ГОЛОВНИЙ,21,ПІДВОЛОЧИСЬК,247,10:33,06:26,0,0
2026-10-07 20:31:13,85/86|ДНІПРО-ГОЛОВНИЙ@20261007-1819,85/86|ДНІПРО-ГОЛОВНИЙ,22,ТЕРНОПІЛЬ-ПАС.,247,11:25,07:18,0,0
2026-10-07 20:31:13,85/86|ДНІПРО-ГОЛОВНИЙ@20261007-1819,85/86|ДНІПРО-ГОЛОВНИЙ,23,ЗЛОЧІВ,247,12:28,08:21,0,0
2026-10-07 20:31:13,85/86|ДНІПРО-ГОЛОВНИЙ@20261007-1819,85/86|ДНІПРО-ГОЛОВНИЙ,24,КРАСНЕ,247,12:54,08:47,0,0
2026-10-07 20:31:13,85/86|ДНІПРО-ГОЛОВНИЙ@20261007-1819,85/86|ДНІПРО-ГОЛОВНИЙ,25,ПІДЗАМЧЕ,247,13:27,09:20,0,0
2026-10-07 20:31:13,85/86|ДНІПРО-ГОЛОВНИЙ@20261007-1819,85/86|ДНІПРО-ГОЛОВНИЙ,26,ЛЬВІВ,247,13:40,09:33,0,1
2026-10-07 20:31:13,41/42|ДНІПРО-ГОЛОВНИЙ@20261007-1819,41/42|ДНІПРО-ГОЛОВНИЙ,7,ЗНАМ'ЯНКА-ПАС.,,,19:48,1,0
2026-10-07 20:31:13,41/42|ДНІПРО-ГОЛОВНИЙ@20261007-1819,41/42|ДНІПРО-ГОЛОВНИЙ,8,ФУНДУКЛІЇВКА,247,00:59,20:52,0,0
2026-10-07 20:31:13,41/42|ДНІПРО-ГОЛОВНИЙ@20261007-1819,41/42|ДНІПРО-ГОЛОВНИЙ,9,КАМ'ЯНКА,247,01:15,21:08,0,0
2026-10-07 20:31:13,41/42|ДНІПРО-ГОЛОВНИЙ@20261007-1819,41/42|ДНІПРО-ГОЛОВНИЙ,10,ІМ.ТАРАСА ШЕВЧЕНКА,247,01:38,21:31,0,0
2026-10-07 20:31:13,41/42|ДНІПРО-ГОЛОВНИЙ@20261007-1819,41/42|ДНІПРО-ГОЛОВНИЙ,11,ГОРОДИЩЕ,247,02:43,22:36,0,0
2026-10-07 20:31:13,41/42|ДНІПРО-ГОЛОВНИЙ@20261007-1819,41/42|ДНІПРО-ГОЛОВНИЙ,12,КОРСУНЬ,247,03:05,22:58,0,0
2026-10-07 20:31:13,41/42|ДНІПРО-ГОЛОВНИЙ@20261007-1819,41/42|ДНІПРО-ГОЛОВНИЙ,13,МИРОНІВКА,247,03:44,23:37,0,0
2026-10-07 20:31:13,41/42|ДНІПРО-ГОЛОВНИЙ@20261007-1819,41/42|ДНІПРО-ГОЛОВНИЙ,14,БІЛА ЦЕРКВА,247,04:36,00:29,0,0
2026-10-07 20:31:13,41/42|ДНІПРО-ГОЛОВНИЙ@20261007-1819,41/42|ДНІПРО-ГОЛОВНИЙ,15,КОЗЯТИН-1,247,06:07,02:00,0,0
2026-10-07 20:31:13,41/42|ДНІПРО-ГОЛОВНИЙ@20261007-1819,41/42|ДНІПРО-ГОЛОВНИЙ,16,КАЛИНІВКА-1,247,06:51,02:44,0,0
2026-10-07 20:31:13,41/42|ДНІПРО-ГОЛОВНИЙ@20261007-1819,41/42|ДНІПРО-ГОЛОВНИЙ,17,ВІННИЦЯ,247,07:13,03:06,0,0
2026-10-07 20:31:13,41/42|ДНІПРО-ГОЛОВНИЙ@20261007-1819,41/42|ДНІПРО-ГОЛОВНИЙ,18,БРАЇЛІВ,247,07:50,03:43,0,0
2026-10-07 20:31:13,41/42|ДНІПРО-ГОЛОВНИЙ@20261007-1819,41/42|ДНІПРО-ГОЛОВНИЙ,19,ХМЕЛЬНИЦЬКИЙ,247,09:15,05:08,0,0
2026-10-07 20:31:13,41/42|ДНІПРО-ГОЛОВНИЙ@20261007-1819,41/42|ДНІПРО-ГОЛОВНИЙ,20,ВОЛОЧИСЬК,247,10:23,06:16,0,0
2026-10-07 20:31:13,41/42|ДНІПРО-ГОЛОВНИЙ@20261007-1819,41/42|ДНІПРО-ГОЛОВНИЙ,21,ПІДВОЛОЧИСЬК,247,10:33,06:26,0,0
2026-10-07 20:31:13,41/42|ДНІПРО-ГОЛОВНИЙ@20261007-1819,41/42|ДНІПРО-ГОЛОВНИЙ,22,ТЕРНОПІЛЬ-ПАС.,247,11:25,07:18,0,0
2026-10-07 20:31:13,41/42|ДНІПРО-ГОЛОВНИЙ@20261007-1819,41/42|ДНІПРО-ГОЛОВНИЙ,23,ЗЛОЧІВ,247,12:28,08:21,0,0
2026-10-07 20:31:13,41/42|ДНІПРО-ГОЛОВНИЙ@20261007-1819,41/42|ДНІПРО-ГОЛОВНИЙ,24,КРАСНЕ,247,12:54,08:47,0,0
2026-10-07 20:31:13,41/42|ДНІПРО-ГОЛОВНИЙ@20261007-1819,41/42|ДНІПРО-ГОЛОВНИЙ,25,ПІДЗАМЧЕ,247,13:27,09:20,0,0
2026-10-07 20:31:13,41/42|ДНІПРО-ГОЛОВНИЙ@20261007-1819,41/42|ДНІПРО-ГОЛОВНИЙ,26,ЛЬВІВ,247,13:40,09:33,0,1
2026-10-07 20:31:13,41/42|ДНІПРО-ГОЛОВНИЙ@20261007-1819,41/42|ДНІПРО-ГОЛОВНИЙ,27,ДРОГОБИЧ,247,15:34,11:27,0,0
2026-10-07 20:31:13,41/42|ДНІПРО-ГОЛОВНИЙ@20261007-1819,41/42|ДНІПРО-ГОЛОВНИЙ,28,ТРУСКАВЕЦЬ,247,16:17,12:10,0,0
2026-10-07 20:31:13,61/62|ДНІПРО-ГОЛОВНИЙ@20261007-1819,61/62|ДНІПРО-ГОЛОВНИЙ,7,ІМ.ТАРАСА ШЕВЧЕНКА,,,19:50,1,0
2026-10-07 20:31:13,61/62|ДНІПРО-ГОЛОВНИЙ@20261007-1819,61/62|ДНІПРО-ГОЛОВНИЙ,8,БІЛА ЦЕРКВА,194,01:40,22:26,0,0
2026-10-07 20:31:13,61/62|ДНІПРО-ГОЛОВНИЙ@20261007-1819,61/62|ДНІПРО-ГОЛОВНИЙ,9,ЛЬВІВ,194,08:04,04:50,0,1
2026-10-07 20:31:13,61/62|ДНІПРО-ГОЛОВНИЙ@20261007-1819,61/62|ДНІПРО-ГОЛОВНИЙ,10,ХОДОРІВ,194,09:32,06:18,0,0
2026-10-07 20:31:13,61/62|ДНІПРО-ГОЛОВНИЙ@20261007-1819,61/62|ДНІПРО-ГОЛОВНИЙ,11,ІВАНО-ФРАНКІВСЬК,194,10:41,07:27,0,0
2026-10-07 20:31:13,261/262|ДНІПРО-ГОЛОВНИЙ@20261007-1819,261/262|ДНІПРО-ГОЛОВНИЙ,7,ІМ.ТАРАСА ШЕВЧЕНКА,,,19:50,1,0
2026-10-07 20:31:13,261/262|ДНІПРО-ГОЛОВНИЙ@20261007-1819,261/262|ДНІПРО-ГОЛОВНИЙ,8,БІЛА ЦЕРКВА,194,01:40,22:26,0,0
2026-10-07 20:31:13,261/262|ДНІПРО-ГОЛОВНИЙ@20261007-1819,261/262|ДНІПРО-ГОЛОВНИЙ,9,ЛЬВІВ,194,08:04,04:50,0,1
2026-10-07 20:31:13,261/262|ДНІПРО-ГОЛОВНИЙ@20261007-1819,261/262|ДНІПРО-ГОЛОВНИЙ,10,ХОДОРІВ,194,09:32,06:18,0,0
2026-10-07 20:31:13,261/262|ДНІПРО-ГОЛОВНИЙ@20261007-1819,261/262|ДНІПРО-ГОЛОВНИЙ,11,ІВАНО-ФРАНКІВСЬК,194,10:41,07:27,0,0
2026-10-07 20:31:13,261/262|ДНІПРО-ГОЛОВНИЙ@20261007-1819,261/262|ДНІПРО-ГОЛОВНИЙ,12,КОЛОМИЯ,194,11:45,08:31,0,0
2026-10-07 20:31:13,261/262|ДНІПРО-ГОЛОВНИЙ@20261007-1819,261/262|ДНІПРО-ГОЛОВНИЙ,13,СНЯТИН,194,12:17,09:03,0,0
2026-10-07 20:31:13,261/262|ДНІПРО-ГОЛОВНИЙ@20261007-1819,261/262|ДНІПРО-ГОЛОВНИЙ,14,ЧЕРНІВЦІ,194,12:52,09:38,0,0
2026-10-07 20:31:13,93/94|ХАРКІВ-ПАС.@20261007-1945,93/94|ХАРКІВ-ПАС.,2,МИРГОРОД,103,22:36,20:53,0,0
2026-10-07 20:31:13,93/94|ХАРКІВ-ПАС.@20261007-1945,93/94|ХАРКІВ-ПАС.,3,КИЇВ-ПАС.,103,01:22,23:39,0,1
2026-10-07 20:31:13,93/94|ХАРКІВ-ПАС.@20261007-1945,93/94|ХАРКІВ-ПАС.,4,РІВНЕ,103,06:45,05:02,0,0
2026-10-07 20:31:13,93/94|ХАРКІВ-ПАС.@20261007-1945,93/94|ХАРКІВ-ПАС.,5,КІВЕРЦІ,103,07:39,05:56,0,0
2026-10-07 20:31:13,93/94|ХАРКІВ-ПАС.@20261007-1945,93/94|ХАРКІВ-ПАС.,6,КОВЕЛЬ-ПАС.,103,08:36,06:53,0,0
2026-10-07 20:31:13,93/94|ХАРКІВ-ПАС.@20261007-1945,93/94|ХАРКІВ-ПАС.,7,ХЕЛМ,103,13:30,11:47,0,0
2026-10-07 20:31:13,1/2|ХАРКІВ-ПАС.@20261007-1819,1/2|ХАРКІВ-ПАС.,3,КИЇВ-ПАС.,78,22:35,21:17,0,1
2026-10-07 20:31:13,1/2|ХАРКІВ-ПАС.@20261007-1819,1/2|ХАРКІВ-ПАС.,4,ЛЬВІВ,78,05:10,03:52,0,1
2026-10-07 20:31:13,1/2|ХАРКІВ-ПАС.@20261007-1819,1/2|ХАРКІВ-ПАС.,5,ІВАНО-ФРАНКІВСЬК,78,07:35,06:17,0,0
2026-10-07 20:31:13,1/2|ХАРКІВ-ПАС.@20261007-1819,1/2|ХАРКІВ-ПАС.,6,ЯРЕМЧЕ,78,09:16,07:58,0,0
2026-10-07 20:31:13,1/2|ХАРКІВ-ПАС.@20261007-1819,1/2|ХАРКІВ-ПАС.,7,ТАТАРІВ-БУКОВЕЛЬ,78,09:41,08:23,0,0
2026-10-07 20:31:13,1/2|ХАРКІВ-ПАС.@20261007-1819,1/2|ХАРКІВ-ПАС.,8,ВОРОХТА,78,09:55,08:37,0,0
2026-10-07 20:31:13,1/2|ХАРКІВ-ПАС.@20261007-1819,1/2|ХАРКІВ-ПАС.,9,ЯСІНЯ,78,10:29,09:11,0,0
2026-10-07 20:31:13,1/2|ХАРКІВ-ПАС.@20261007-1819,1/2|ХАРКІВ-ПАС.,10,КВАСИ,78,10:53,09:35,0,0
2026-10-07 20:31:13,1/2|ХАРКІВ-ПАС.@20261007-1819,1/2|ХАРКІВ-ПАС.,11,РАХІВ,78,11:13,09:55,0,0
2026-10-07 20:31:13,749/750|КИЇВ-ПАС.@20261007-1819,749/750|КИЇВ-ПАС.,3,СТРИЙ,77,21:31,20:14,0,0
2026-10-07 20:31:13,749/750|КИЇВ-ПАС.@20261007-1819,749/750|КИЇВ-ПАС.,4,СВАЛЯВА,77,23:40,22:23,0,0
2026-10-07 20:31:13,749/750|КИЇВ-ПАС.@20261007-1819,749/750|КИЇВ-ПАС.,5,МУКАЧЕВО,77,00:04,22:47,0,0
2026-10-07 20:31:13,749/750|КИЇВ-ПАС.@20261007-1819,749/750|КИЇВ-ПАС.,6,ЧОП,77,00:54,23:37,0,0
2026-10-07 20:31:13,749/750|КИЇВ-ПАС.@20261007-1819,749/750|КИЇВ-ПАС.,7,УЖГОРОД,77,01:40,00:23,0,0
2026-10-07 20:31:13,77/78|КОВЕЛЬ-ПАС.@20261007-1945,77/78|КОВЕЛЬ-ПАС.,6,КЛЕВАНЬ,76,22:05,20:49,0,0
2026-10-07 20:31:13,77/78|КОВЕЛЬ-ПАС.@20261007-1945,77/78|КОВЕЛЬ-ПАС.,7,РІВНЕ,76,22:27,21:11,0,0
2026-10-07 20:31:13,77/78|КОВЕЛЬ-ПАС.@20261007-1945,77/78|КОВЕЛЬ-ПАС.,8,ЗДОЛБУНІВ-ПАС.,76,22:45,21:29,0,0
2026-10-07 20:31:13,77/78|КОВЕЛЬ-ПАС.@20261007-1945,77/78|КОВЕЛЬ-ПАС.,9,ОСТРОГ,76,23:06,21:50,0,0
2026-10-07 20:31:13,77/78|КОВЕЛЬ-ПАС.@20261007-1945,77/78|КОВЕЛЬ-ПАС.,10,КРИВИН,76,23:23,22:07,0,0
2026-10-07 20:31:13,77/78|КОВЕЛЬ-ПАС.@20261007-1945,77/78|КОВЕЛЬ-ПАС.,11,СЛАВУТА-1,76,23:37,22:21,0,0
2026-10-07 20:31:13,77/78|КОВЕЛЬ-ПАС.@20261007-1945,77/78|КОВЕЛЬ-ПАС.,12,ШЕПЕТІВКА,76,00:10,22:54,0,0
2026-10-07 20:31:13,77/78|КОВЕЛЬ-ПАС.@20261007-1945,77/78|КОВЕЛЬ-ПАС.,13,ПОЛОННЕ,76,00:45,23:29,0,0
2026-10-07 20:31:13,77/78|КОВЕЛЬ-ПАС.@20261007-1945,77/78|КОВЕЛЬ-ПАС.,14,ПЕЧАНІВКА,76,01:07,23:51,0,0
2026-10-07 20:31:13,77/78|КОВЕЛЬ-ПАС.@20261007-1945,77/78|КОВЕЛЬ-ПАС.,15,ЧУДНІВ-ВОЛИНСЬКИЙ,76,01:29,00:13,0,0
2026-10-07 20:31:13,77/78|КОВЕЛЬ-ПАС.@20261007-1945,77/78|КОВЕЛЬ-ПАС.,16,БЕРДИЧІВ,76,02:01,00:45,0,0
2026-10-07 20:31:13,77/78|КОВЕЛЬ-ПАС.@20261007-1945,77/78|КОВЕЛЬ-ПАС.,17,КОЗЯТИН-1,76,02:27,01:11,0,0
2026-10-07 20:31:13,77/78|КОВЕЛЬ-ПАС.@20261007-1945,77/78|КОВЕЛЬ-ПАС.,18,КАЛИНІВКА-1,76,03:18,02:02,0,0
2026-10-07 20:31:13,77/78|КОВЕЛЬ-ПАС.@20261007-1945,77/78|КОВЕЛЬ-ПАС.,19,ВІННИЦЯ,76,03:39,02:23,0,0
2026-10-07 20:31:13,77/78|КОВЕЛЬ-ПАС.@20261007-1945,77/78|КОВЕЛЬ-ПАС.,20,ЖМЕРИНКА-ПАС.,76,04:19,03:03,0,0
2026-10-07 20:31:13,77/78|КОВЕЛЬ-ПАС.@20261007-1945,77/78|КОВЕЛЬ-ПАС.,21,ЯРОШЕНКА,76,04:57,03:41,0,0
2026-10-07 20:31:13,77/78|КОВЕЛЬ-ПАС.@20261007-1945,77/78|КОВЕЛЬ-ПАС.,22,ВАПНЯРКА,76,05:37,04:21,0,0
2026-10-07 20:31:13,77/78|КОВЕЛЬ-ПАС.@20261007-1945,77/78|КОВЕЛЬ-ПАС.,23,КРИЖОПІЛЬ,76,05:58,04:42,0,0
2026-10-07 20:31:13,77/78|КОВЕЛЬ-ПАС.@20261007-1945,77/78|КОВЕЛЬ-ПАС.,24,РУДНИЦЯ,76,06:12,04:56,0,0
2026-10-07 20:31:13,77/78|КОВЕЛЬ-ПАС.@20261007-1945,77/78|КОВЕЛЬ-ПАС.,25,КОДИМА,76,06:34,05:18,0,0
2026-10-07 20:31:13,77/78|КОВЕЛЬ-ПАС.@20261007-1945,77/78|КОВЕЛЬ-ПАС.,26,СЛОБІДКА,76,06:59,05:43,0,0
2026-10-07 20:31:13,77/78|КОВЕЛЬ-ПАС.@20261007-1945,77/78|КОВЕЛЬ-ПАС.,27,ПОДІЛЬСЬК,76,07:26,06:10,0,0
2026-10-07 20:31:13,77/78|КОВЕЛЬ-ПАС.@20261007-1945,77/78|КОВЕЛЬ-ПАС.,28,РОЗДІЛЬНА-1,76,09:00,07:44,0,0
2026-10-07 20:31:13,77/78|КОВЕЛЬ-ПАС.@20261007-1945,77/78|КОВЕЛЬ-ПАС.,29,ОДЕСА-ГОЛОВНА,76,10:02,08:46,0,1
2026-10-07 20:31:13,9/10|КИЇВ-ПАС.@20261007-1819,9/10|КИЇВ-ПАС.,3,МУКАЧЕВО,57,21:03,20:06,0,0
2026-10-07 20:31:13,9/10|КИЇВ-ПАС.@20261007-1819,9/10|КИЇВ-ПАС.,4,ЧОП,57,21:51,20:54,0,0
2026-10-07 20:31:13,113/114|ХАРКІВ-ПАС.@20261007-1819,113/114|ХАРКІВ-ПАС.,24,ВОЛОДИМИР,51,20:53,20:02,0,0
2026-10-07 20:31:13,113/114|ХАРКІВ-ПАС.@20261007-1819,113/114|ХАРКІВ-ПАС.,25,ІВАНИЧІ,51,21:28,20:37,0,0
2026-10-07 20:31:13,113/114|ХАРКІВ-ПАС.@20261007-1819,113/114|ХАРКІВ-ПАС.,26,СОКАЛЬ,51,21:56,21:05,0,0
2026-10-07 20:31:13,113/114|ХАРКІВ-ПАС.@20261007-1819,113/114|ХАРКІВ-ПАС.,27,ШЕПТИЦЬКИЙ,51,22:12,21:21,0,0
2026-10-07 20:31:13,113/114|ХАРКІВ-ПАС.@20261007-1819,113/114|ХАРКІВ-ПАС.,28,СОСНІВКА,51,22:38,21:47,0,0
2026-10-07 20:31:13,113/114|ХАРКІВ-ПАС.@20261007-1819,113/114|ХАРКІВ-ПАС.,29,ПІДЗАМЧЕ,51,23:51,23:00,0,0
2026-10-07 20:31:13,113/114|ХАРКІВ-ПАС.@20261007-1819,113/114|ХАРКІВ-ПАС.,30,ЛЬВІВ,51,00:09,23:18,0,1
2026-10-07 20:31:13,113/114|ХАРКІВ-ПАС.@20261007-1819,113/114|ХАРКІВ-ПАС.,31,СТРИЙ,51,01:42,00:51,0,0
2026-10-07 20:31:13,113/114|ХАРКІВ-ПАС.@20261007-1819,113/114|ХАРКІВ-ПАС.,32,СКОЛЕ,51,02:27,01:36,0,0
2026-10-07 20:31:13,113/114|ХАРКІВ-ПАС.@20261007-1819,113/114|ХАРКІВ-ПАС.,33,СЛАВСЬКО,51,03:03,02:12,0,0
2026-10-07 20:31:13,113/114|ХАРКІВ-ПАС.@20261007-1819,113/114|ХАРКІВ-ПАС.,34,ЛАВОЧНЕ,51,03:21,02:30,0,0
2026-10-07 20:31:13,113/114|ХАРКІВ-ПАС.@20261007-1819,113/114|ХАРКІВ-ПАС.,35,ВОЛОВЕЦЬ,51,04:08,03:17,0,0
2026-10-07 20:31:13,113/114|ХАРКІВ-ПАС.@20261007-1819,113/114|ХАРКІВ-ПАС.,36,СВАЛЯВА,51,04:50,03:59,0,0
2026-10-07 20:31:13,113/114|ХАРКІВ-ПАС.@20261007-1819,113/114|ХАРКІВ-ПАС.,37,КАРПАТИ,51,05:13,04:22,0,0
2026-10-07 20:31:13,113/114|ХАРКІВ-ПАС.@20261007-1819,113/114|ХАРКІВ-ПАС.,38,МУКАЧЕВО,51,05:32,04:41,0,0
2026-10-07 20:31:13,113/114|ХАРКІВ-ПАС.@20261007-1819,113/114|ХАРКІВ-ПАС.,39,БАТЬОВО-ПАС.,51,06:18,05:27,0,0
2026-10-07 20:31:13,113/114|ХАРКІВ-ПАС.@20261007-1819,113/114|ХАРКІВ-ПАС.,40,ЧОП,51,06:53,06:02,0,0
2026-10-07 20:31:13,113/114|ХАРКІВ-ПАС.@20261007-1819,113/114|ХАРКІВ-ПАС.,41,УЖГОРОД,51,07:42,06:51,0,0
2026-10-07 20:31:13,21/22|ЛЬВІВ@20261007-1845,21/22|ЛЬВІВ,3,ТЕРНОПІЛЬ-ПАС.,50,20:43,19:53,0,0
2026-10-07 20:31:13,21/22|ЛЬВІВ@20261007-1845,21/22|ЛЬВІВ,4,ХМЕЛЬНИЦЬКИЙ,50,22:32,21:42,0,0
2026-10-07 20:31:13,21/22|ЛЬВІВ@20261007-1845,21/22|ЛЬВІВ,5,ВІННИЦЯ,50,00:29,23:39,0,0
2026-10-07 20:31:13,21/22|ЛЬВІВ@20261007-1845,21/22|ЛЬВІВ,6,КОЗЯТИН-1,50,01:17,00:27,0,0
2026-10-07 20:31:13,21/22|ЛЬВІВ@20261007-1845,21/22|ЛЬВІВ,7,КИЇВ-ПАС.,50,03:11,02:21,0,1
2026-10-07 20:31:13,21/22|ЛЬВІВ@20261007-1845,21/22|ЛЬВІВ,8,ЛУБНИ,50,05:45,04:55,0,0
2026-10-07 20:31:13,21/22|ЛЬВІВ@20261007-1845,21/22|ЛЬВІВ,9,РОМОДАН,50,06:10,05:20,0,0
2026-10-07 20:31:13,21/22|ЛЬВІВ@20261007-1845,21/22|ЛЬВІВ,10,МИРГОРОД,50,06:35,05:45,0,0
2026-10-07 20:31:13,21/22|ЛЬВІВ@20261007-1845,21/22|ЛЬВІВ,11,ПОЛТАВА-КИЇВСЬКА,50,07:45,06:55,0,1
2026-10-07 20:31:13,21/22|ЛЬВІВ@20261007-1845,21/22|ЛЬВІВ,12,ЛЮБОТИН,50,09:44,08:54,0,0
2026-10-07 20:31:13,21/22|ЛЬВІВ@20261007-1845,21/22|ЛЬВІВ,13,ХАРКІВ-ПАС.,50,10:14,09:24,0,1
2026-10-07 20:31:13,733/734|КИЇВ-ПАС.@20261007-1845,733/734|КИЇВ-ПАС.,4,ОЛЕКСАНДРІЯ,42,20:49,20:07,0,0
2026-10-07 20:31:13,733/734|КИЇВ-ПАС.@20261007-1845,733/734|КИЇВ-ПАС.,5,П'ЯТИХАТКИ,42,21:39,20:57,0,0
2026-10-07 20:31:13,733/734|КИЇВ-ПАС.@20261007-1845,733/734|КИЇВ-ПАС.,6,КАМ'ЯНСЬКЕ-ПАС.,42,22:25,21:43,0,0
2026-10-07 20:31:13,733/734|КИЇВ-ПАС.@20261007-1845,733/734|КИЇВ-ПАС.,7,ДНІПРО-ГОЛОВНИЙ,42,22:52,22:10,0,1
2026-10-07 20:31:13,103/104|БЕРЕСТИН@20261007-2031,103/104|БЕРЕСТИН,0,БЕРЕСТИН,,,,1,0
2026-10-07 20:31:13,103/104|БЕРЕСТИН@20261007-2031,103/104|БЕРЕСТИН,1,КАРЛІВКА,9,17:07,16:58,1,0
2026-10-07 20:31:13,103/104|БЕРЕСТИН@20261007-2031,103/104|БЕРЕСТИН,2,ПОЛТАВА-ПІВД.,22,17:57,17:35,1,1
2026-10-07 20:31:13,103/104|БЕРЕСТИН@20261007-2031,103/104|БЕРЕСТИН,3,ПОЛТАВА-КИЇВСЬКА,26,18:35,18:09,1,1
2026-10-07 20:31:13,103/104|БЕРЕСТИН@20261007-2031,103/104|БЕРЕСТИН,4,ЯРЕСЬКИ,15,19:22,19:07,1,0
2026-10-07 20:31:13,103/104|БЕРЕСТИН@20261007-2031,103/104|БЕРЕСТИН,5,МИРГОРОД,39,20:10,19:31,1,0
2026-10-07 20:31:13,103/104|БЕРЕСТИН@20261007-2031,103/104|БЕРЕСТИН,6,ЯГОТИН,39,21:47,21:08,0,0
2026-10-07 20:31:13,103/104|БЕРЕСТИН@20261007-2031,103/104|БЕРЕСТИН,7,ДАРНИЦЯ,39,22:41,22:02,0,0
2026-10-07 20:31:13,103/104|БЕРЕСТИН@20261007-2031,103/104|БЕРЕСТИН,8,КИЇВ-ПАС.,39,22:59,22:20,0,1
2026-10-07 20:31:13,103/104|БЕРЕСТИН@20261007-2031,103/104|БЕРЕСТИН,9,КОЗЯТИН-1,39,01:14,00:35,0,0
2026-10-07 20:31:13,103/104|БЕРЕСТИН@20261007-2031,103/104|БЕРЕСТИН,10,ВІННИЦЯ,39,02:11,01:32,0,0
2026-10-07 20:31:13,103/104|БЕРЕСТИН@20261007-2031,103/104|БЕРЕСТИН,11,ЖМЕРИНКА-ПАС.,39,03:35,02:56,0,0
2026-10-07 20:31:13,103/104|БЕРЕСТИН@20261007-2031,103/104|БЕРЕСТИН,12,ХМЕЛЬНИЦЬКИЙ,39,05:29,04:50,0,0
2026-10-07 20:31:13,103/104|БЕРЕСТИН@20261007-2031,103/104|БЕРЕСТИН,13,ТЕРНОПІЛЬ-ПАС.,39,07:11,06:32,0,0
2026-10-07 20:31:13,103/104|БЕРЕСТИН@20261007-2031,103/104|БЕРЕСТИН,14,ЗЛОЧІВ,39,08:10,07:31,0,0
2026-10-07 20:31:13,103/104|БЕРЕСТИН@20261007-2031,103/104|БЕРЕСТИН,15,КРАСНЕ,39,08:34,07:55,0,0
2026-10-07 20:31:13,103/104|БЕРЕСТИН@20261007-2031,103/104|БЕРЕСТИН,16,ЛЬВІВ,39,09:15,08:36,0,1
2026-10-07 20:45:51,3/4|ДНІПРО-ГОЛОВНИЙ@20261007-1819,3/4|ДНІПРО-ГОЛОВНИЙ,5,ІМ.ТАРАСА ШЕВЧЕНКА,263,01:00,20:37,0,0
2026-10-07 20:45:51,3/4|ДНІПРО-ГОЛОВНИЙ@20261007-1819,3/4|ДНІПРО-ГОЛОВНИЙ,6,БІЛА ЦЕРКВА,263,03:38,23:15,0,0
2026-10-07 20:45:51,3/4|ДНІПРО-ГОЛОВНИЙ@20261007-1819,3/4|ДНІПРО-ГОЛОВНИЙ,7,БЕРДИЧІВ,263,05:48,01:25,0,0
2026-10-07 20:45:51,3/4|ДНІПРО-ГОЛОВНИЙ@20261007-1819,3/4|ДНІПРО-ГОЛОВНИЙ,8,ЛЬВІВ,263,10:10,05:47,0,1
2026-10-07 20:45:51,3/4|ДНІПРО-ГОЛОВНИЙ@20261007-1819,3/4|ДНІПРО-ГОЛОВНИЙ,9,СТРИЙ,263,11:34,07:11,0,0
2026-10-07 20:45:51,3/4|ДНІПРО-ГОЛОВНИЙ@20261007-1819,3/4|ДНІПРО-ГОЛОВНИЙ,10,СЛАВСЬКО,263,12:31,08:08,0,0
2026-10-07 20:45:51,3/4|ДНІПРО-ГОЛОВНИЙ@20261007-1819,3/4|ДНІПРО-ГОЛОВНИЙ,11,ВОЛОВЕЦЬ,263,13:21,08:58,0,0
2026-10-07 20:45:51,3/4|ДНІПРО-ГОЛОВНИЙ@20261007-1819,3/4|ДНІПРО-ГОЛОВНИЙ,12,СВАЛЯВА,263,13:52,09:29,0,0
2026-10-07 20:45:51,3/4|ДНІПРО-ГОЛОВНИЙ@20261007-1819,3/4|ДНІПРО-ГОЛОВНИЙ,13,МУКАЧЕВО,263,14:18,09:55,0,0
2026-10-07 20:45:51,3/4|ДНІПРО-ГОЛОВНИЙ@20261007-1819,3/4|ДНІПРО-ГОЛОВНИЙ,14,УЖГОРОД,263,15:33,11:10,0,0
2026-10-07 20:45:51,41/42|ДНІПРО-ГОЛОВНИЙ@20261007-1819,41/42|ДНІПРО-ГОЛОВНИЙ,3,ВІЛЬНОГІРСЬК,245,20:40,16:35,1,0
2026-10-07 20:45:51,41/42|ДНІПРО-ГОЛОВНИЙ@20261007-1819,41/42|ДНІПРО-ГОЛОВНИЙ,8,ФУНДУКЛІЇВКА,250,01:02,20:52,0,0
2026-10-07 20:45:51,41/42|ДНІПРО-ГОЛОВНИЙ@20261007-1819,41/42|ДНІПРО-ГОЛОВНИЙ,9,КАМ'ЯНКА,250,01:18,21:08,0,0
2026-10-07 20:45:51,41/42|ДНІПРО-ГОЛОВНИЙ@20261007-1819,41/42|ДНІПРО-ГОЛОВНИЙ,10,ІМ.ТАРАСА ШЕВЧЕНКА,250,01:41,21:31,0,0
2026-10-07 20:45:51,41/42|ДНІПРО-ГОЛОВНИЙ@20261007-1819,41/42|ДНІПРО-ГОЛОВНИЙ,11,ГОРОДИЩЕ,250,02:46,22:36,0,0
2026-10-07 20:45:51,41/42|ДНІПРО-ГОЛОВНИЙ@20261007-1819,41/42|ДНІПРО-ГОЛОВНИЙ,12,КОРСУНЬ,250,03:08,22:58,0,0
2026-10-07 20:45:51,41/42|ДНІПРО-ГОЛОВНИЙ@20261007-1819,41/42|ДНІПРО-ГОЛОВНИЙ,13,МИРОНІВКА,250,03:47,23:37,0,0
2026-10-07 20:45:51,41/42|ДНІПРО-ГОЛОВНИЙ@20261007-1819,41/42|ДНІПРО-ГОЛОВНИЙ,14,БІЛА ЦЕРКВА,250,04:39,00:29,0,0
2026-10-07 20:45:51,41/42|ДНІПРО-ГОЛОВНИЙ@20261007-1819,41/42|ДНІПРО-ГОЛОВНИЙ,15,КОЗЯТИН-1,250,06:10,02:00,0,0
2026-10-07 20:45:51,41/42|ДНІПРО-ГОЛОВНИЙ@20261007-1819,41/42|ДНІПРО-ГОЛОВНИЙ,16,КАЛИНІВКА-1,250,06:54,02:44,0,0
2026-10-07 20:45:51,41/42|ДНІПРО-ГОЛОВНИЙ@20261007-1819,41/42|ДНІПРО-ГОЛОВНИЙ,17,ВІННИЦЯ,250,07:16,03:06,0,0
2026-10-07 20:45:51,41/42|ДНІПРО-ГОЛОВНИЙ@20261007-1819,41/42|ДНІПРО-ГОЛОВНИЙ,18,БРАЇЛІВ,250,07:53,03:43,0,0
2026-10-07 20:45:51,41/42|ДНІПРО-ГОЛОВНИЙ@20261007-1819,41/42|ДНІПРО-ГОЛОВНИЙ,19,ХМЕЛЬНИЦЬКИЙ,250,09:18,05:08,0,0
2026-10-07 20:45:51,41/42|ДНІПРО-ГОЛОВНИЙ@20261007-1819,41/42|ДНІПРО-ГОЛОВНИЙ,20,ВОЛОЧИСЬК,250,10:26,06:16,0,0
2026-10-07 20:45:51,41/42|ДНІПРО-ГОЛОВНИЙ@20261007-1819,41/42|ДНІПРО-ГОЛОВНИЙ,21,ПІДВОЛОЧИСЬК,250,10:36,06:26,0,0
2026-10-07 20:45:51,41/42|ДНІПРО-ГОЛОВНИЙ@20261007-1819,41/42|ДНІПРО-ГОЛОВНИЙ,22,ТЕРНОПІЛЬ-ПАС.,250,11:28,07:18,0,0
2026-10-07 20:45:51,41/42|ДНІПРО-ГОЛОВНИЙ@20261007-1819,41/42|ДНІПРО-ГОЛОВНИЙ,23,ЗЛОЧІВ,250,12:31,08:21,0,0
2026-10-07 20:45:51,41/42|ДНІПРО-ГОЛОВНИЙ@20261007-1819,41/42|ДНІПРО-ГОЛОВНИЙ,24,КРАСНЕ,250,12:57,08:47,0,0
2026-10-07 20:45:51,41/42|ДНІПРО-ГОЛОВНИЙ@20261007-1819,41/42|ДНІПРО-ГОЛОВНИЙ,25,ПІДЗАМЧЕ,250,13:30,09:20,0,0
2026-10-07 20:45:51,41/42|ДНІПРО-ГОЛОВНИЙ@20261007-1819,41/42|ДНІПРО-ГОЛОВНИЙ,26,ЛЬВІВ,250,13:43,09:33,0,1
2026-10-07 20:45:51,41/42|ДНІПРО-ГОЛОВНИЙ@20261007-1819,41/42|ДНІПРО-ГОЛОВНИЙ,27,ДРОГОБИЧ,250,15:37,11:27,0,0
2026-10-07 20:45:51,41/42|ДНІПРО-ГОЛОВНИЙ@20261007-1819,41/42|ДНІПРО-ГОЛОВНИЙ,28,ТРУСКАВЕЦЬ,250,16:20,12:10,0,0
2026-10-07 20:45:51,85/86|ДНІПРО-ГОЛОВНИЙ@20261007-1819,85/86|ДНІПРО-ГОЛОВНИЙ,3,ВІЛЬНОГІРСЬК,245,20:40,16:35,1,0
2026-10-07 20:45:51,749/750|КИЇВ-ПАС.@20261007-1819,749/750|КИЇВ-ПАС.,3,СТРИЙ,,,20:14,1,0
2026-10-07 20:45:51,77/78|КОВЕЛЬ-ПАС.@20261007-1945,77/78|КОВЕЛЬ-ПАС.,2,КІВЕРЦІ,78,20:20,19:02,1,0
2026-10-07 20:45:51,9/10|КИЇВ-ПАС.@20261007-1819,9/10|КИЇВ-ПАС.,3,МУКАЧЕВО,,,20:06,1,0
2026-10-07 20:45:51,63/64|ПЕРЕМИШЛЬ@20261007-1845,63/64|ПЕРЕМИШЛЬ,5,КИЇВ-ПАС.,56,21:53,20:57,0,1
2026-10-07 20:45:51,63/64|ПЕРЕМИШЛЬ@20261007-1845,63/64|ПЕРЕМИШЛЬ,6,ДАРНИЦЯ,56,23:13,22:17,0,0
2026-10-07 20:45:51,63/64|ПЕРЕМИШЛЬ@20261007-1845,63/64|ПЕРЕМИШЛЬ,7,ГРЕБІНКА,56,00:41,23:45,0,0
2026-10-07 20:45:51,63/64|ПЕРЕМИШЛЬ@20261007-1845,63/64|ПЕРЕМИШЛЬ,8,РОМОДАН,56,01:50,00:54,0,0
2026-10-07 20:45:51,63/64|ПЕРЕМИШЛЬ@20261007-1845,63/64|ПЕРЕМИШЛЬ,9,МИРГОРОД,56,02:20,01:24,0,0
2026-10-07 20:45:51,63/64|ПЕРЕМИШЛЬ@20261007-1845,63/64|ПЕРЕМИШЛЬ,10,ПОЛТАВА-КИЇВСЬКА,56,04:19,03:23,0,1
2026-10-07 20:45:51,63/64|ПЕРЕМИШЛЬ@20261007-1845,63/64|ПЕРЕМИШЛЬ,11,ЛЮБОТИН,56,06:27,05:31,0,0
2026-10-07 20:45:51,63/64|ПЕРЕМИШЛЬ@20261007-1845,63/64|ПЕРЕМИШЛЬ,12,ХАРКІВ-ПАС.,56,06:58,06:02,0,1
2026-10-07 20:45:51,135/136|ОДЕСА-ГОЛОВНА@20261007-2001,135/136|ОДЕСА-ГОЛОВНА,0,ОДЕСА-ГОЛОВНА,56,,,1,1
2026-10-07 20:45:51,135/136|ОДЕСА-ГОЛОВНА@20261007-2001,135/136|ОДЕСА-ГОЛОВНА,1,РОЗДІЛЬНА-1,56,21:24,20:28,0,0
2026-10-07 20:45:51,135/136|ОДЕСА-ГОЛОВНА@20261007-2001,135/136|ОДЕСА-ГОЛОВНА,2,ЗАТИШШЯ,56,22:11,21:15,0,0
2026-10-07 20:45:51,135/136|ОДЕСА-ГОЛОВНА@20261007-2001,135/136|ОДЕСА-ГОЛОВНА,3,ПОДІЛЬСЬК,56,22:51,21:55,0,0
2026-10-07 20:45:51,135/136|ОДЕСА-ГОЛОВНА@20261007-2001,135/136|ОДЕСА-ГОЛОВНА,4,СЛОБІДКА,56,23:16,22:20,0,0
2026-10-07 20:45:51,135/136|ОДЕСА-ГОЛОВНА@20261007-2001,135/136|ОДЕСА-ГОЛОВНА,5,КОДИМА,56,23:43,22:47,0,0
2026-10-07 20:45:51,135/136|ОДЕСА-ГОЛОВНА@20261007-2001,135/136|ОДЕСА-ГОЛОВНА,6,РУДНИЦЯ,56,00:04,23:08,0,0
2026-10-07 20:45:51,135/136|ОДЕСА-ГОЛОВНА@20261007-2001,135/136|ОДЕСА-ГОЛОВНА,7,КРИЖОПІЛЬ,56,00:18,23:22,0,0
2026-10-07 20:45:51,135/136|ОДЕСА-ГОЛОВНА@20261007-2001,135/136|ОДЕСА-ГОЛОВНА,8,ВАПНЯРКА,56,00:39,23:43,0,0
2026-10-07 20:45:51,135/136|ОДЕСА-ГОЛОВНА@20261007-2001,135/136|ОДЕСА-ГОЛОВНА,9,РАХНИ,56,01:12,00:16,0,0
2026-10-07 20:45:51,135/136|ОДЕСА-ГОЛОВНА@20261007-2001,135/136|ОДЕСА-ГОЛОВНА,10,ЖМЕРИНКА-ПАС.,56,01:47,00:51,0,0
2026-10-07 20:45:51,135/136|ОДЕСА-ГОЛОВНА@20261007-2001,135/136|ОДЕСА-ГОЛОВНА,11,ДЕРАЖНЯ,56,03:00,02:04,0,0
2026-10-07 20:45:51,135/136|ОДЕСА-ГОЛОВНА@20261007-2001,135/136|ОДЕСА-ГОЛОВНА,12,ХМЕЛЬНИЦЬКИЙ,56,03:34,02:38,0,0
2026-10-07 20:45:51,135/136|ОДЕСА-ГОЛОВНА@20261007-2001,135/136|ОДЕСА-ГОЛОВНА,13,ВОЛОЧИСЬК,56,04:38,03:42,0,0
2026-10-07 20:45:51,135/136|ОДЕСА-ГОЛОВНА@20261007-2001,135/136|ОДЕСА-ГОЛОВНА,14,ТЕРНОПІЛЬ-ПАС.,56,05:34,04:38,0,0
2026-10-07 20:45:51,135/136|ОДЕСА-ГОЛОВНА@20261007-2001,135/136|ОДЕСА-ГОЛОВНА,15,ПОТУТОРИ,56,07:29,06:33,0,0
2026-10-07 20:45:51,135/136|ОДЕСА-ГОЛОВНА@20261007-2001,135/136|ОДЕСА-ГОЛОВНА,16,ПІДВИСОКЕ,56,07:57,07:01,0,0
2026-10-07 20:45:51,135/136|ОДЕСА-ГОЛОВНА@20261007-2001,135/136|ОДЕСА-ГОЛОВНА,17,РОГАТИН,56,08:43,07:47,0,0
2026-10-07 20:45:51,135/136|ОДЕСА-ГОЛОВНА@20261007-2001,135/136|ОДЕСА-ГОЛОВНА,18,ХОДОРІВ,56,09:39,08:43,0,0
2026-10-07 20:45:51,135/136|ОДЕСА-ГОЛОВНА@20261007-2001,135/136|ОДЕСА-ГОЛОВНА,19,ГАЛИЧ,56,10:22,09:26,0,0
2026-10-07 20:45:51,135/136|ОДЕСА-ГОЛОВНА@20261007-2001,135/136|ОДЕСА-ГОЛОВНА,20,ІВАНО-ФРАНКІВСЬК,56,10:59,10:03,0,0
2026-10-07 20:45:51,135/136|ОДЕСА-ГОЛОВНА@20261007-2001,135/136|ОДЕСА-ГОЛОВНА,21,КОЛОМИЯ,56,12:05,11:09,0,0
2026-10-07 20:45:51,135/136|ОДЕСА-ГОЛОВНА@20261007-2001,135/136|ОДЕСА-ГОЛОВНА,22,СНЯТИН,56,12:36,11:40,0,0
2026-10-07 20:45:51,135/136|ОДЕСА-ГОЛОВНА@20261007-2001,135/136|ОДЕСА-ГОЛОВНА,23,ЧЕРНІВЦІ,56,13:11,12:15,0,0
2026-10-07 20:45:51,25/26|ОДЕСА-ГОЛОВНА@20261007-2001,25/26|ОДЕСА-ГОЛОВНА,0,ОДЕСА-ГОЛОВНА,56,,,1,1
2026-10-07 20:45:51,25/26|ОДЕСА-ГОЛОВНА@20261007-2001,25/26|ОДЕСА-ГОЛОВНА,1,РОЗДІЛЬНА-1,56,21:24,20:28,0,0
2026-10-07 20:45:51,25/26|ОДЕСА-ГОЛОВНА@20261007-2001,25/26|ОДЕСА-ГОЛОВНА,2,ЗАТИШШЯ,56,22:11,21:15,0,0
2026-10-07 20:45:51,25/26|ОДЕСА-ГОЛОВНА@20261007-2001,25/26|ОДЕСА-ГОЛОВНА,3,ПОДІЛЬСЬК,56,22:51,21:55,0,0
2026-10-07 20:45:51,25/26|ОДЕСА-ГОЛОВНА@20261007-2001,25/26|ОДЕСА-ГОЛОВНА,4,СЛОБІДКА,56,23:16,22:20,0,0
2026-10-07 20:45:51,25/26|ОДЕСА-ГОЛОВНА@20261007-2001,25/26|ОДЕСА-ГОЛОВНА,5,КОДИМА,56,23:43,22:47,0,0
2026-10-07 20:45:51,25/26|ОДЕСА-ГОЛОВНА@20261007-2001,25/26|ОДЕСА-ГОЛОВНА,6,РУДНИЦЯ,56,00:04,23:08,0,0
2026-10-07 20:45:51,25/26|ОДЕСА-ГОЛОВНА@20261007-2001,25/26|ОДЕСА-ГОЛОВНА,7,КРИЖОПІЛЬ,56,00:18,23:22,0,0
2026-10-07 20:45:51,25/26|ОДЕСА-ГОЛОВНА@20261007-2001,25/26|ОДЕСА-ГОЛОВНА,8,ВАПНЯРКА,56,00:39,23:43,0,0
2026-10-07 20:45:51,25/26|ОДЕСА-ГОЛОВНА@20261007-2001,25/26|ОДЕСА-ГОЛОВНА,9,РАХНИ,56,01:12,00:16,0,0
2026-10-07 20:45:51,25/26|ОДЕСА-ГОЛОВНА@20261007-2001,25/26|ОДЕСА-ГОЛОВНА,10,ЖМЕРИНКА-ПАС.,56,01:47,00:51,0,0
2026-10-07 20:45:51,25/26|ОДЕСА-ГОЛОВНА@20261007-2001,25/26|ОДЕСА-ГОЛОВНА,11,ДЕРАЖНЯ,56,03:00,02:04,0,0
2026-10-07 20:45:51,25/26|ОДЕСА-ГОЛОВНА@20261007-2001,25/26|ОДЕСА-ГОЛОВНА,12,ХМЕЛЬНИЦЬКИЙ,56,03:34,02:38,0,0
2026-10-07 20:45:51,25/26|ОДЕСА-ГОЛОВНА@20261007-2001,25/26|ОДЕСА-ГОЛОВНА,13,ВОЛОЧИСЬК,56,04:38,03:42,0,0
2026-10-07 20:45:51,25/26|ОДЕСА-ГОЛОВНА@20261007-2001,25/26|ОДЕСА-ГОЛОВНА,14,ТЕРНОПІЛЬ-ПАС.,56,05:34,04:38,0,0
2026-10-07 20:45:51,25/26|ОДЕСА-ГОЛОВНА@20261007-2001,25/26|ОДЕСА-ГОЛОВНА,15,ПОТУТОРИ,56,07:29,06:33,0,0
2026-10-07 20:45:51,25/26|ОДЕСА-ГОЛОВНА@20261007-2001,25/26|ОДЕСА-ГОЛОВНА,16,ПІДВИСОКЕ,56,07:57,07:01,0,0
2026-10-07 20:45:51,25/26|ОДЕСА-ГОЛОВНА@20261007-2001,25/26|ОДЕСА-ГОЛОВНА,17,РОГАТИН,56,08:43,07:47,0,0
2026-10-07 20:45:51,25/26|ОДЕСА-ГОЛОВНА@20261007-2001,25/26|ОДЕСА-ГОЛОВНА,18,ХОДОРІВ,56,09:39,08:43,0,0
2026-10-07 20:45:51,25/26|ОДЕСА-ГОЛОВНА@20261007-2001,25/26|ОДЕСА-ГОЛОВНА,19,ГАЛИЧ,56,10:22,09:26,0,0
2026-10-07 20:45:51,25/26|ОДЕСА-ГОЛОВНА@20261007-2001,25/26|ОДЕСА-ГОЛОВНА,20,ІВАНО-ФРАНКІВСЬК,56,10:59,10:03,0,0
2026-10-07 20:45:51,25/26|ОДЕСА-ГОЛОВНА@20261007-2001,25/26|ОДЕСА-ГОЛОВНА,21,НАДВІРНА,56,12:18,11:22,0,0
2026-10-07 20:45:51,25/26|ОДЕСА-ГОЛОВНА@20261007-2001,25/26|ОДЕСА-ГОЛОВНА,22,ЯРЕМЧЕ,56,12:54,11:58,0,0
2026-10-07 20:45:51,25/26|ОДЕСА-ГОЛОВНА@20261007-2001,25/26|ОДЕСА-ГОЛОВНА,23,МИКУЛИЧИН,56,13:19,12:23,0,0
2026-10-07 20:45:51,25/26|ОДЕСА-ГОЛОВНА@20261007-2001,25/26|ОДЕСА-ГОЛОВНА,24,ТАТАРІВ-БУКОВЕЛЬ,56,13:31,12:35,0,0
2026-10-07 20:45:51,25/26|ОДЕСА-ГОЛОВНА@20261007-2001,25/26|ОДЕСА-ГОЛОВНА,25,ВОРОХТА,56,13:48,12:52,0,0
2026-10-07 20:45:51,25/26|ОДЕСА-ГОЛОВНА@20261007-2001,25/26|ОДЕСА-ГОЛОВНА,26,ЯСІНЯ,56,14:42,13:46,0,0
2026-10-07 20:45:51,113/114|ХАРКІВ-ПАС.@20261007-1819,113/114|ХАРКІВ-ПАС.,23,ТУРІЙСЬК,52,20:26,19:34,1,0
2026-10-07 20:45:51,113/114|ХАРКІВ-ПАС.@20261007-1819,113/114|ХАРКІВ-ПАС.,24,ВОЛОДИМИР,,,20:02,1,0
2026-10-07 20:45:51,21/22|ЛЬВІВ@20261007-1845,21/22|ЛЬВІВ,3,ТЕРНОПІЛЬ-ПАС.,47,20:40,19:53,1,0
2026-10-07 20:45:51,103/104|БЕРЕСТИН@20261007-2031,103/104|БЕРЕСТИН,6,ЯГОТИН,49,21:57,21:08,0,0
2026-10-07 20:45:51,103/104|БЕРЕСТИН@20261007-2031,103/104|БЕРЕСТИН,7,ДАРНИЦЯ,49,22:51,22:02,0,0
2026-10-07 20:45:51,103/104|БЕРЕСТИН@20261007-2031,103/104|БЕРЕСТИН,8,КИЇВ-ПАС.,49,23:09,22:20,0,1
2026-10-07 20:45:51,103/104|БЕРЕСТИН@20261007-2031,103/104|БЕРЕСТИН,9,КОЗЯТИН-1,49,01:24,00:35,0,0
2026-10-07 20:45:51,103/104|БЕРЕСТИН@20261007-2031,103/104|БЕРЕСТИН,10,ВІННИЦЯ,49,02:21,01:32,0,0
2026-10-07 20:45:51,103/104|БЕРЕСТИН@20261007-2031,103/104|БЕРЕСТИН,11,ЖМЕРИНКА-ПАС.,49,03:45,02:56,0,0
2026-10-07 20:45:51,103/104|БЕРЕСТИН@20261007-2031,103/104|БЕРЕСТИН,12,ХМЕЛЬНИЦЬКИЙ,49,05:39,04:50,0,0
2026-10-07 20:45:51,103/104|БЕРЕСТИН@20261007-2031,103/104|БЕРЕСТИН,13,ТЕРНОПІЛЬ-ПАС.,49,07:21,06:32,0,0
2026-10-07 20:45:51,103/104|БЕРЕСТИН@20261007-2031,103/104|БЕРЕСТИН,14,ЗЛОЧІВ,49,08:20,07:31,0,0
2026-10-07 20:45:51,103/104|БЕРЕСТИН@20261007-2031,103/104|БЕРЕСТИН,15,КРАСНЕ,49,08:44,07:55,0,0
2026-10-07 20:45:51,103/104|БЕРЕСТИН@20261007-2031,103/104|БЕРЕСТИН,16,ЛЬВІВ,49,09:25,08:36,0,1
2026-10-07 20:45:51,733/734|КИЇВ-ПАС.@20261007-1845,733/734|КИЇВ-ПАС.,4,ОЛЕКСАНДРІЯ,,,20:07,1,0
2026-10-07 21:01:27,41/42|ДНІПРО-ГОЛОВНИЙ@20261007-1819,41/42|ДНІПРО-ГОЛОВНИЙ,8,ФУНДУКЛІЇВКА,245,00:57,20:52,0,0
2026-10-07 21:01:27,41/42|ДНІПРО-ГОЛОВНИЙ@20261007-1819,41/42|ДНІПРО-ГОЛОВНИЙ,9,КАМ'ЯНКА,245,01:13,21:08,0,0
2026-10-07 21:01:27,41/42|ДНІПРО-ГОЛОВНИЙ@20261007-1819,41/42|ДНІПРО-ГОЛОВНИЙ,10,ІМ.ТАРАСА ШЕВЧЕНКА,245,01:36,21:31,0,0
2026-10-07 21:01:27,41/42|ДНІПРО-ГОЛОВНИЙ@20261007-1819,41/42|ДНІПРО-ГОЛОВНИЙ,11,ГОРОДИЩЕ,245,02:41,22:36,0,0
2026-10-07 21:01:27,41/42|ДНІПРО-ГОЛОВНИЙ@20261007-1819,41/42|ДНІПРО-ГОЛОВНИЙ,12,КОРСУНЬ,245,03:03,22:58,0,0
2026-10-07 21:01:27,41/42|ДНІПРО-ГОЛОВНИЙ@20261007-1819,41/42|ДНІПРО-ГОЛОВНИЙ,13,МИРОНІВКА,245,03:42,23:37,0,0
2026-10-07 21:01:27,41/42|ДНІПРО-ГОЛОВНИЙ@20261007-1819,41/42|ДНІПРО-ГОЛОВНИЙ,14,БІЛА ЦЕРКВА,245,04:34,00:29,0,0
2026-10-07 21:01:27,41/42|ДНІПРО-ГОЛОВНИЙ@20261007-1819,41/42|ДНІПРО-ГОЛОВНИЙ,15,КОЗЯТИН-1,245,06:05,02:00,0,0
2026-10-07 21:01:27,41/42|ДНІПРО-ГОЛОВНИЙ@20261007-1819,41/42|ДНІПРО-ГОЛОВНИЙ,16,КАЛИНІВКА-1,245,06:49,02:44,0,0
2026-10-07 21:01:27,41/42|ДНІПРО-ГОЛОВНИЙ@20261007-1819,41/42|ДНІПРО-ГОЛОВНИЙ,17,ВІННИЦЯ,245,07:11,03:06,0,0
2026-10-07 21:01:27,41/42|ДНІПРО-ГОЛОВНИЙ@20261007-1819,41/42|ДНІПРО-ГОЛОВНИЙ,18,БРАЇЛІВ,245,07:48,03:43,0,0
2026-10-07 21:01:27,41/42|ДНІПРО-ГОЛОВНИЙ@20261007-1819,41/42|ДНІПРО-ГОЛОВНИЙ,19,ХМЕЛЬНИЦЬКИЙ,245,09:13,05:08,0,0
2026-10-07 21:01:27,41/42|ДНІПРО-ГОЛОВНИЙ@20261007-1819,41/42|ДНІПРО-ГОЛОВНИЙ,20,ВОЛОЧИСЬК,245,10:21,06:16,0,0
2026-10-07 21:01:27,41/42|ДНІПРО-ГОЛОВНИЙ@20261007-1819,41/42|ДНІПРО-ГОЛОВНИЙ,21,ПІДВОЛОЧИСЬК,245,10:31,06:26,0,0
2026-10-07 21:01:27,41/42|ДНІПРО-ГОЛОВНИЙ@20261007-1819,41/42|ДНІПРО-ГОЛОВНИЙ,22,ТЕРНОПІЛЬ-ПАС.,245,11:23,07:18,0,0
2026-10-07 21:01:27,41/42|ДНІПРО-ГОЛОВНИЙ@20261007-1819,41/42|ДНІПРО-ГОЛОВНИЙ,23,ЗЛОЧІВ,245,12:26,08:21,0,0
2026-10-07 21:01:27,41/42|ДНІПРО-ГОЛОВНИЙ@20261007-1819,41/42|ДНІПРО-ГОЛОВНИЙ,24,КРАСНЕ,245,12:52,08:47,0,0
2026-10-07 21:01:27,41/42|ДНІПРО-ГОЛОВНИЙ@20261007-1819,41/42|ДНІПРО-ГОЛОВНИЙ,25,ПІДЗАМЧЕ,245,13:25,09:20,0,0
2026-10-07 21:01:27,41/42|ДНІПРО-ГОЛОВНИЙ@20261007-1819,41/42|ДНІПРО-ГОЛОВНИЙ,26,ЛЬВІВ,245,13:38,09:33,0,1
2026-10-07 21:01:27,41/42|ДНІПРО-ГОЛОВНИЙ@20261007-1819,41/42|ДНІПРО-ГОЛОВНИЙ,27,ДРОГОБИЧ,245,15:32,11:27,0,0
2026-10-07 21:01:27,41/42|ДНІПРО-ГОЛОВНИЙ@20261007-1819,41/42|ДНІПРО-ГОЛОВНИЙ,28,ТРУСКАВЕЦЬ,245,16:15,12:10,0,0
2026-10-07 21:01:27,61/62|ДНІПРО-ГОЛОВНИЙ@20261007-1819,61/62|ДНІПРО-ГОЛОВНИЙ,8,БІЛА ЦЕРКВА,189,01:35,22:26,0,0
2026-10-07 21:01:27,61/62|ДНІПРО-ГОЛОВНИЙ@20261007-1819,61/62|ДНІПРО-ГОЛОВНИЙ,9,ЛЬВІВ,189,07:59,04:50,0,1
2026-10-07 21:01:27,61/62|ДНІПРО-ГОЛОВНИЙ@20261007-1819,61/62|ДНІПРО-ГОЛОВНИЙ,10,ХОДОРІВ,189,09:27,06:18,0,0
2026-10-07 21:01:27,61/62|ДНІПРО-ГОЛОВНИЙ@20261007-1819,61/62|ДНІПРО-ГОЛОВНИЙ,11,ІВАНО-ФРАНКІВСЬК,189,10:36,07:27,0,0
2026-10-07 21:01:27,261/262|ДНІПРО-ГОЛОВНИЙ@20261007-1819,261/262|ДНІПРО-ГОЛОВНИЙ,8,БІЛА ЦЕРКВА,189,01:35,22:26,0,0
2026-10-07 21:01:27,261/262|ДНІПРО-ГОЛОВНИЙ@20261007-1819,261/262|ДНІПРО-ГОЛОВНИЙ,9,ЛЬВІВ,189,07:59,04:50,0,1
2026-10-07 21:01:27,261/262|ДНІПРО-ГОЛОВНИЙ@20261007-1819,261/262|ДНІПРО-ГОЛОВНИЙ,10,ХОДОРІВ,189,09:27,06:18,0,0
2026-10-07 21:01:27,261/262|ДНІПРО-ГОЛОВНИЙ@20261007-1819,261/262|ДНІПРО-ГОЛОВНИЙ,11,ІВАНО-ФРАНКІВСЬК,189,10:36,07:27,0,0
2026-10-07 21:01:27,261/262|ДНІПРО-ГОЛОВНИЙ@20261007-1819,261/262|ДНІПРО-ГОЛОВНИЙ,12,КОЛОМИЯ,189,11:40,08:31,0,0
2026-10-07 21:01:27,261/262|ДНІПРО-ГОЛОВНИЙ@20261007-1819,261/262|ДНІПРО-ГОЛОВНИЙ,13,СНЯТИН,189,12:12,09:03,0,0
2026-10-07 21:01:27,261/262|ДНІПРО-ГОЛОВНИЙ@20261007-1819,261/262|ДНІПРО-ГОЛОВНИЙ,14,ЧЕРНІВЦІ,189,12:47,09:38,0,0
2026-10-07 21:01:27,9/10|БУДАПЕШТ-КЕЛЕТІ@20261007-1819,9/10|БУДАПЕШТ-КЕЛЕТІ,6,КИЇВ-ПАС.,148,21:44,19:16,0,1
2026-10-07 21:01:27,733/734|КИЇВ-ПАС.@20261007-1845,733/734|КИЇВ-ПАС.,5,П'ЯТИХАТКИ,94,22:31,20:57,0,0
2026-10-07 21:01:27,733/734|КИЇВ-ПАС.@20261007-1845,733/734|КИЇВ-ПАС.,6,КАМ'ЯНСЬКЕ-ПАС.,94,23:17,21:43,0,0
2026-10-07 21:01:27,733/734|КИЇВ-ПАС.@20261007-1845,733/734|КИЇВ-ПАС.,7,ДНІПРО-ГОЛОВНИЙ,94,23:44,22:10,0,1
2026-10-07 21:01:27,93/94|ХАРКІВ-ПАС.@20261007-1945,93/94|ХАРКІВ-ПАС.,1,ПОЛТАВА-КИЇВСЬКА,88,20:50,19:22,1,1
2026-10-07 21:01:27,93/94|ХАРКІВ-ПАС.@20261007-1945,93/94|ХАРКІВ-ПАС.,2,МИРГОРОД,89,22:22,20:53,0,0
2026-10-07 21:01:27,93/94|ХАРКІВ-ПАС.@20261007-1945,93/94|ХАРКІВ-ПАС.,3,КИЇВ-ПАС.,89,01:08,23:39,0,1
2026-10-07 21:01:27,93/94|ХАРКІВ-ПАС.@20261007-1945,93/94|ХАРКІВ-ПАС.,4,РІВНЕ,89,06:31,05:02,0,0
2026-10-07 21:01:27,93/94|ХАРКІВ-ПАС.@20261007-1945,93/94|ХАРКІВ-ПАС.,5,КІВЕРЦІ,89,07:25,05:56,0,0
2026-10-07 21:01:27,93/94|ХАРКІВ-ПАС.@20261007-1945,93/94|ХАРКІВ-ПАС.,6,КОВЕЛЬ-ПАС.,89,08:22,06:53,0,0
2026-10-07 21:01:27,93/94|ХАРКІВ-ПАС.@20261007-1945,93/94|ХАРКІВ-ПАС.,7,ХЕЛМ,89,13:16,11:47,0,0
2026-10-07 21:01:27,37/38|ОДЕСА-ГОЛОВНА@20261007-2045,37/38|ОДЕСА-ГОЛОВНА,0,ОДЕСА-ГОЛОВНА,,,,1,1
2026-10-07 21:01:27,37/38|ОДЕСА-ГОЛОВНА@20261007-2045,37/38|ОДЕСА-ГОЛОВНА,1,РОЗДІЛЬНА-1,79,20:35,19:16,1,0
2026-10-07 21:01:27,37/38|ОДЕСА-ГОЛОВНА@20261007-2045,37/38|ОДЕСА-ГОЛОВНА,2,ПОДІЛЬСЬК,77,22:02,20:45,0,0
2026-10-07 21:01:27,37/38|ОДЕСА-ГОЛОВНА@20261007-2045,37/38|ОДЕСА-ГОЛОВНА,3,КОДИМА,77,22:56,21:39,0,0
2026-10-07 21:01:27,37/38|ОДЕСА-ГОЛОВНА@20261007-2045,37/38|ОДЕСА-ГОЛОВНА,4,РУДНИЦЯ,77,23:21,22:04,0,0
2026-10-07 21:01:27,37/38|ОДЕСА-ГОЛОВНА@20261007-2045,37/38|ОДЕСА-ГОЛОВНА,5,ВАПНЯРКА,77,23:55,22:38,0,0
2026-10-07 21:01:27,37/38|ОДЕСА-ГОЛОВНА@20261007-2045,37/38|ОДЕСА-ГОЛОВНА,6,ЖМЕРИНКА-ПАС.,77,01:11,23:54,0,0
2026-10-07 21:01:27,37/38|ОДЕСА-ГОЛОВНА@20261007-2045,37/38|ОДЕСА-ГОЛОВНА,7,ХМЕЛЬНИЦЬКИЙ,77,03:02,01:45,0,0
2026-10-07 21:01:27,37/38|ОДЕСА-ГОЛОВНА@20261007-2045,37/38|ОДЕСА-ГОЛОВНА,8,ГРЕЧАНИ,77,03:18,02:01,0,0
2026-10-07 21:01:27,37/38|ОДЕСА-ГОЛОВНА@20261007-2045,37/38|ОДЕСА-ГОЛОВНА,9,ВОЛОЧИСЬК,77,04:39,03:22,0,0
2026-10-07 21:01:27,37/38|ОДЕСА-ГОЛОВНА@20261007-2045,37/38|ОДЕСА-ГОЛОВНА,10,ПІДВОЛОЧИСЬК,77,04:49,03:32,0,0
2026-10-07 21:01:27,37/38|ОДЕСА-ГОЛОВНА@20261007-2045,37/38|ОДЕСА-ГОЛОВНА,11,ТЕРНОПІЛЬ-ПАС.,77,05:41,04:24,0,0
2026-10-07 21:01:27,37/38|ОДЕСА-ГОЛОВНА@20261007-2045,37/38|ОДЕСА-ГОЛОВНА,12,ЗЛОЧІВ,77,06:43,05:26,0,0
2026-10-07 21:01:27,37/38|ОДЕСА-ГОЛОВНА@20261007-2045,37/38|ОДЕСА-ГОЛОВНА,13,КРАСНЕ,77,07:08,05:51,0,0
2026-10-07 21:01:27,37/38|ОДЕСА-ГОЛОВНА@20261007-2045,37/38|ОДЕСА-ГОЛОВНА,14,ЛЬВІВ,77,07:51,06:34,0,1
2026-10-07 21:01:27,37/38|ОДЕСА-ГОЛОВНА@20261007-2045,37/38|ОДЕСА-ГОЛОВНА,15,СТРИЙ,77,09:20,08:03,0,0
2026-10-07 21:01:27,37/38|ОДЕСА-ГОЛОВНА@20261007-2045,37/38|ОДЕСА-ГОЛОВНА,16,СКОЛЕ,77,09:52,08:35,0,0
2026-10-07 21:01:27,37/38|ОДЕСА-ГОЛОВНА@20261007-2045,37/38|ОДЕСА-ГОЛОВНА,17,СЛАВСЬКО,77,10:22,09:05,0,0
2026-10-07 21:01:27,37/38|ОДЕСА-ГОЛОВНА@20261007-2045,37/38|ОДЕСА-ГОЛОВНА,18,ВОЛОВЕЦЬ,77,11:12,09:55,0,0
2026-10-07 21:01:27,37/38|ОДЕСА-ГОЛОВНА@20261007-2045,37/38|ОДЕСА-ГОЛОВНА,19,СВАЛЯВА,77,11:44,10:27,0,0
2026-10-07 21:01:27,37/38|ОДЕСА-ГОЛОВНА@20261007-2045,37/38|ОДЕСА-ГОЛОВНА,20,КАРПАТИ,77,11:55,10:38,0,0
2026-10-07 21:01:27,37/38|ОДЕСА-ГОЛОВНА@20261007-2045,37/38|ОДЕСА-ГОЛОВНА,21,МУКАЧЕВО,77,12:13,10:56,0,0
2026-10-07 21:01:27,37/38|ОДЕСА-ГОЛОВНА@20261007-2045,37/38|ОДЕСА-ГОЛОВНА,22,УЖГОРОД,77,13:30,12:13,0,0
2026-10-07 21:01:27,77/78|КОВЕЛЬ-ПАС.@20261007-1945,77/78|КОВЕЛЬ-ПАС.,3,ЛУЦЬК,72,20:52,19:40,1,0
2026-10-07 21:01:27,77/78|КОВЕЛЬ-ПАС.@20261007-1945,77/78|КОВЕЛЬ-ПАС.,4,КЛЕВАНЬ,76,22:05,20:49,0,0
2026-10-07 21:01:27,77/78|КОВЕЛЬ-ПАС.@20261007-1945,77/78|КОВЕЛЬ-ПАС.,5,РІВНЕ,76,22:27,21:11,0,0
2026-10-07 21:01:27,77/78|КОВЕЛЬ-ПАС.@20261007-1945,77/78|КОВЕЛЬ-ПАС.,6,ЗДОЛБУНІВ-ПАС.,76,22:45,21:29,0,0
2026-10-07 21:01:27,77/78|КОВЕЛЬ-ПАС.@20261007-1945,77/78|КОВЕЛЬ-ПАС.,7,ОСТРОГ,76,23:06,21:50,0,0
2026-10-07 21:01:27,77/78|КОВЕЛЬ-ПАС.@20261007-1945,77/78|КОВЕЛЬ-ПАС.,8,КРИВИН,76,23:23,22:07,0,0
2026-10-07 21:01:27,77/78|КОВЕЛЬ-ПАС.@20261007-1945,77/78|КОВЕЛЬ-ПАС.,9,СЛАВУТА-1,76,23:37,22:21,0,0
2026-10-07 21:01:27,77/78|КОВЕЛЬ-ПАС.@20261007-1945,77/78|КОВЕЛЬ-ПАС.,10,ШЕПЕТІВКА,76,00:10,22:54,0,0
2026-10-07 21:01:27,77/78|КОВЕЛЬ-ПАС.@20261007-1945,77/78|КОВЕЛЬ-ПАС.,11,ПОЛОННЕ,76,00:45,23:29,0,0
2026-10-07 21:01:27,77/78|КОВЕЛЬ-ПАС.@20261007-1945,77/78|КОВЕЛЬ-ПАС.,12,ПЕЧАНІВКА,76,01:07,23:51,0,0
2026-10-07 21:01:27,77/78|КОВЕЛЬ-ПАС.@20261007-1945,77/78|КОВЕЛЬ-ПАС.,13,ЧУДНІВ-ВОЛИНСЬКИЙ,76,01:29,00:13,0,0
2026-10-07 21:01:27,77/78|КОВЕЛЬ-ПАС.@20261007-1945,77/78|КОВЕЛЬ-ПАС.,14,БЕРДИЧІВ,76,02:01,00:45,0,0
2026-10-07 21:01:27,77/78|КОВЕЛЬ-ПАС.@20261007-1945,77/78|КОВЕЛЬ-ПАС.,15,КОЗЯТИН-1,76,02:27,01:11,0,0
2026-10-07 21:01:27,77/78|КОВЕЛЬ-ПАС.@20261007-1945,77/78|КОВЕЛЬ-ПАС.,16,КАЛИНІВКА-1,76,03:18,02:02,0,0
2026-10-07 21:01:27,77/78|КОВЕЛЬ-ПАС.@20261007-1945,77/78|КОВЕЛЬ-ПАС.,17,ВІННИЦЯ,76,03:39,02:23,0,0
2026-10-07 21:01:27,77/78|КОВЕЛЬ-ПАС.@20261007-1945,77/78|КОВЕЛЬ-ПАС.,18,ЖМЕРИНКА-ПАС.,76,04:19,03:03,0,0
2026-10-07 21:01:27,77/78|КОВЕЛЬ-ПАС.@20261007-1945,77/78|КОВЕЛЬ-ПАС.,19,ЯРОШЕНКА,76,04:57,03:41,0,0
2026-10-07 21:01:27,77/78|КОВЕЛЬ-ПАС.@20261007-1945,77/78|КОВЕЛЬ-ПАС.,20,ВАПНЯРКА,76,05:37,04:21,0,0
2026-10-07 21:01:27,77/78|КОВЕЛЬ-ПАС.@20261007-1945,77/78|КОВЕЛЬ-ПАС.,21,КРИЖОПІЛЬ,76,05:58,04:42,0,0
2026-10-07 21:01:27,77/78|КОВЕЛЬ-ПАС.@20261007-1945,77/78|КОВЕЛЬ-ПАС.,22,РУДНИЦЯ,76,06:12,04:56,0,0
2026-10-07 21:01:27,77/78|КОВЕЛЬ-ПАС.@20261007-1945,77/78|КОВЕЛЬ-ПАС.,23,КОДИМА,76,06:34,05:18,0,0
2026-10-07 21:01:27,77/78|КОВЕЛЬ-ПАС.@20261007-1945,77/78|КОВЕЛЬ-ПАС.,24,СЛОБІДКА,76,06:59,05:43,0,0
2026-10-07 21:01:27,77/78|КОВЕЛЬ-ПАС.@20261007-1945,77/78|КОВЕЛЬ-ПАС.,25,ПОДІЛЬСЬК,76,07:26,06:10,0,0
2026-10-07 21:01:27,77/78|КОВЕЛЬ-ПАС.@20261007-1945,77/78|КОВЕЛЬ-ПАС.,26,РОЗДІЛЬНА-1,76,09:00,07:44,0,0
2026-10-07 21:01:27,77/78|КОВЕЛЬ-ПАС.@20261007-1945,77/78|КОВЕЛЬ-ПАС.,27,ОДЕСА-ГОЛОВНА,76,10:02,08:46,0,1
2026-10-07 21:01:27,789/790|КИЇВ-ПАС.@20261007-2101,789/790|КИЇВ-ПАС.,0,КИЇВ-ПАС.,,,,1,1
2026-10-07 21:01:27,789/790|КИЇВ-ПАС.@20261007-2101,789/790|КИЇВ-ПАС.,1,КОРСУНЬ,2,18:59,18:57,1,0
2026-10-07 21:01:27,789/790|КИЇВ-ПАС.@20261007-2101,789/790|КИЇВ-ПАС.,2,ГОРОДИЩЕ,12,19:29,19:17,1,0
2026-10-07 21:01:27,789/790|КИЇВ-ПАС.@20261007-2101,789/790|КИЇВ-ПАС.,3,ЦВІТКОВЕ,16,19:45,19:29,1,0
2026-10-07 21:01:27,789/790|КИЇВ-ПАС.@20261007-2101,789/790|КИЇВ-ПАС.,4,ІМ.ТАРАСА ШЕВЧЕНКА,,,19:54,1,0
2026-10-07 21:01:27,789/790|КИЇВ-ПАС.@20261007-2101,789/790|КИЇВ-ПАС.,5,ЧОРНОЛІСЬКА,73,22:06,20:53,0,0
2026-10-07 21:01:27,789/790|КИЇВ-ПАС.@20261007-2101,789/790|КИЇВ-ПАС.,6,ЗАХІДНИЙ,73,22:13,21:00,0,0
2026-10-07 21:01:27,789/790|КИЇВ-ПАС.@20261007-2101,789/790|КИЇВ-ПАС.,7,ЗНАМ'ЯНКА,73,22:16,21:03,0,0
2026-10-07 21:01:27,789/790|КИЇВ-ПАС.@20261007-2101,789/790|КИЇВ-ПАС.,8,ЗНАМ'ЯНКА-ПАС.,73,22:20,21:07,0,0
2026-10-07 21:01:27,789/790|КИЇВ-ПАС.@20261007-2101,789/790|КИЇВ-ПАС.,9,КРОПИВНИЦЬКИЙ,73,23:28,22:15,0,0
2026-10-07 21:01:27,791/792|КИЇВ-ПАС.@20261007-2101,791/792|КИЇВ-ПАС.,0,КИЇВ-ПАС.,,,,1,1
2026-10-07 21:01:27,791/792|КИЇВ-ПАС.@20261007-2101,791/792|КИЇВ-ПАС.,1,КОРСУНЬ,2,18:59,18:57,1,0
2026-10-07 21:01:27,791/792|КИЇВ-ПАС.@20261007-2101,791/792|КИЇВ-ПАС.,2,ГОРОДИЩЕ,12,19:29,19:17,1,0
2026-10-07 21:01:27,791/792|КИЇВ-ПАС.@20261007-2101,791/792|КИЇВ-ПАС.,3,ЦВІТКОВЕ,16,19:45,19:29,1,0
2026-10-07 21:01:27,791/792|КИЇВ-ПАС.@20261007-2101,791/792|КИЇВ-ПАС.,4,ІМ.ТАРАСА ШЕВЧЕНКА,,,19:54,1,0
2026-10-07 21:01:27,791/792|КИЇВ-ПАС.@20261007-2101,791/792|КИЇВ-ПАС.,5,ЗНАМ'ЯНКА-ПАС.,73,22:20,21:07,0,0
2026-10-07 21:01:27,791/792|КИЇВ-ПАС.@20261007-2101,791/792|КИЇВ-ПАС.,6,КРЕМЕНЧУК-ПАС.,73,23:55,22:42,0,0
2026-10-07 21:01:27,731/732|ДНІПРО-ГОЛОВНИЙ@20261007-2045,731/732|ДНІПРО-ГОЛОВНИЙ,0,ДНІПРО-ГОЛОВНИЙ,,,,1,1
2026-10-07 21:01:27,731/732|ДНІПРО-ГОЛОВНИЙ@20261007-2045,731/732|ДНІПРО-ГОЛОВНИЙ,1,КАМ'ЯНСЬКЕ-ПАС.,-1,16:44,16:45,1,0
2026-10-07 21:01:27,731/732|ДНІПРО-ГОЛОВНИЙ@20261007-2045,731/732|ДНІПРО-ГОЛОВНИЙ,2,П'ЯТИХАТКИ,-2,17:31,17:33,1,0
2026-10-07 21:01:27,731/732|ДНІПРО-ГОЛОВНИЙ@20261007-2045,731/732|ДНІПРО-ГОЛОВНИЙ,3,ОЛЕКСАНДРІЯ,-2,18:18,18:20,1,0
2026-10-07 21:01:27,731/732|ДНІПРО-ГОЛОВНИЙ@20261007-2045,731/732|ДНІПРО-ГОЛОВНИЙ,4,ЗНАМ'ЯНКА-ПАС.,14,19:08,18:54,1,0
2026-10-07 21:01:27,731/732|ДНІПРО-ГОЛОВНИЙ@20261007-2045,731/732|ДНІПРО-ГОЛОВНИЙ,5,ІМ.ТАРАСА ШЕВЧЕНКА,,,19:59,1,0
2026-10-07 21:01:27,731/732|ДНІПРО-ГОЛОВНИЙ@20261007-2045,731/732|ДНІПРО-ГОЛОВНИЙ,6,КИЇВ-ПАС.,67,23:26,22:19,0,1
2026-10-07 21:01:27,113/114|ХАРКІВ-ПАС.@20261007-1819,113/114|ХАРКІВ-ПАС.,24,ВОЛОДИМИР,51,20:53,20:02,1,0
2026-10-07 21:01:27,7/8|ОДЕСА-ГОЛОВНА@20261007-2045,7/8|ОДЕСА-ГОЛОВНА,0,ОДЕСА-ГОЛОВНА,40,,,1,1
2026-10-07 21:01:27,7/8|ОДЕСА-ГОЛОВНА@20261007-2045,7/8|ОДЕСА-ГОЛОВНА,1,ПОМІЧНА,40,02:48,02:08,0,0
2026-10-07 21:01:27,7/8|ОДЕСА-ГОЛОВНА@20261007-2045,7/8|ОДЕСА-ГОЛОВНА,2,КРОПИВНИЦЬКИЙ,40,03:53,03:13,0,0
2026-10-07 21:01:27,7/8|ОДЕСА-ГОЛОВНА@20261007-2045,7/8|ОДЕСА-ГОЛОВНА,3,ЗНАМ'ЯНКА-ПАС.,40,04:42,04:02,0,0
2026-10-07 21:01:27,7/8|ОДЕСА-ГОЛОВНА@20261007-2045,7/8|ОДЕСА-ГОЛОВНА,4,КРЕМЕНЧУК-ПАС.,40,05:59,05:19,0,0
2026-10-07 21:01:27,7/8|ОДЕСА-ГОЛОВНА@20261007-2045,7/8|ОДЕСА-ГОЛОВНА,5,ПОЛТАВА-ПІВД.,40,07:51,07:11,0,1
2026-10-07 21:01:27,7/8|ОДЕСА-ГОЛОВНА@20261007-2045,7/8|ОДЕСА-ГОЛОВНА,6,ХАРКІВ-ПАС.,40,09:54,09:14,0,1
2026-10-07 21:01:27,53/54|ОДЕСА-ГОЛОВНА@20261007-2045,53/54|ОДЕСА-ГОЛОВНА,0,ОДЕСА-ГОЛОВНА,27,,,1,1
2026-10-07 21:01:27,53/54|ОДЕСА-ГОЛОВНА@20261007-2045,53/54|ОДЕСА-ГОЛОВНА,1,ПОМІЧНА,27,02:20,01:53,0,0
2026-10-07 21:01:27,53/54|ОДЕСА-ГОЛОВНА@20261007-2045,53/54|ОДЕСА-ГОЛОВНА,2,НОВОУКРАЇНКА,27,02:36,02:09,0,0
2026-10-07 21:01:27,53/54|ОДЕСА-ГОЛОВНА@20261007-2045,53/54|ОДЕСА-ГОЛОВНА,3,ПЛЕТЕНИЙ ТАШЛИК,27,02:56,02:29,0,0
2026-10-07 21:01:27,53/54|ОДЕСА-ГОЛОВНА@20261007-2045,53/54|ОДЕСА-ГОЛОВНА,4,КРОПИВНИЦЬКИЙ,27,03:30,03:03,0,0
2026-10-07 21:01:27,53/54|ОДЕСА-ГОЛОВНА@20261007-2045,53/54|ОДЕСА-ГОЛОВНА,5,ЗНАМ'ЯНКА-ПАС.,27,04:21,03:54,0,0
2026-10-07 21:01:27,53/54|ОДЕСА-ГОЛОВНА@20261007-2045,53/54|ОДЕСА-ГОЛОВНА,6,ОЛЕКСАНДРІЯ,27,05:24,04:57,0,0
2026-10-07 21:01:27,53/54|ОДЕСА-ГОЛОВНА@20261007-2045,53/54|ОДЕСА-ГОЛОВНА,7,П'ЯТИХАТКИ,27,06:51,06:24,0,0
2026-10-07 21:01:27,53/54|ОДЕСА-ГОЛОВНА@20261007-2045,53/54|ОДЕСА-ГОЛОВНА,8,ВЕРХІВЦЕВЕ,27,08:00,07:33,0,0
2026-10-07 21:01:27,53/54|ОДЕСА-ГОЛОВНА@20261007-2045,53/54|ОДЕСА-ГОЛОВНА,9,КАМ'ЯНСЬКЕ-ПАС.,27,08:29,08:02,0,0
2026-10-07 21:01:27,53/54|ОДЕСА-ГОЛОВНА@20261007-2045,53/54|ОДЕСА-ГОЛОВНА,10,ДНІПРО-ГОЛОВНИЙ,27,10:01,09:34,0,1
2026-10-07 21:15:52,61/62|ДНІПРО-ГОЛОВНИЙ@20261007-1819,61/62|ДНІПРО-ГОЛОВНИЙ,5,ОЛЕКСАНДРІЯ,185,21:02,17:57,1,0
2026-10-07 21:15:52,261/262|ДНІПРО-ГОЛОВНИЙ@20261007-1819,261/262|ДНІПРО-ГОЛОВНИЙ,5,ОЛЕКСАНДРІЯ,185,21:02,17:57,1,0
2026-10-07 21:15:52,733/734|КИЇВ-ПАС.@20261007-1845,733/734|КИЇВ-ПАС.,3,ЗНАМ'ЯНКА-ПАС.,91,21:04,19:33,1,0
2026-10-07 21:15:52,793/794|КИЇВ-ПАС.@20261007-2101,793/794|КИЇВ-ПАС.,0,КИЇВ-ПАС.,,,,1,1
2026-10-07 21:15:52,793/794|КИЇВ-ПАС.@20261007-2101,793/794|КИЇВ-ПАС.,1,ВИДУБИЧІ-ТРИПІЛЬСЬКІ,,,16:58,1,0
2026-10-07 21:15:52,793/794|КИЇВ-ПАС.@20261007-2101,793/794|КИЇВ-ПАС.,2,КОРСУНЬ,1,18:31,18:30,1,0
2026-10-07 21:15:52,793/794|КИЇВ-ПАС.@20261007-2101,793/794|КИЇВ-ПАС.,3,ГОРОДИЩЕ,23,19:15,18:52,1,0
2026-10-07 21:15:52,793/794|КИЇВ-ПАС.@20261007-2101,793/794|КИЇВ-ПАС.,4,ЦВІТКОВЕ,23,19:30,19:07,1,0
2026-10-07 21:15:52,793/794|КИЇВ-ПАС.@20261007-2101,793/794|КИЇВ-ПАС.,5,ІМ.ТАРАСА ШЕВЧЕНКА,80,20:57,19:37,1,0
2026-10-07 21:15:52,793/794|КИЇВ-ПАС.@20261007-2101,793/794|КИЇВ-ПАС.,6,ЦЕНТРАЛЬНА,,,20:02,1,0
2026-10-07 21:15:52,793/794|КИЇВ-ПАС.@20261007-2101,793/794|КИЇВ-ПАС.,7,ЧЕРКАСИ,79,22:09,20:50,0,0
2026-10-07 21:15:52,43/44|ЧЕРКАСИ@20261007-2101,43/44|ЧЕРКАСИ,0,ЧЕРКАСИ,,,,1,0
2026-10-07 21:15:52,43/44|ЧЕРКАСИ@20261007-2101,43/44|ЧЕРКАСИ,1,ІМ.ТАРАСА ШЕВЧЕНКА,15,19:14,18:59,1,0
2026-10-07 21:15:52,43/44|ЧЕРКАСИ@20261007-2101,43/44|ЧЕРКАСИ,2,ЦВІТКОВЕ,73,21:01,19:48,1,0
2026-10-07 21:15:52,43/44|ЧЕРКАСИ@20261007-2101,43/44|ЧЕРКАСИ,3,ГОРОДИЩЕ,,,20:02,1,0
2026-10-07 21:15:52,43/44|ЧЕРКАСИ@20261007-2101,43/44|ЧЕРКАСИ,4,КОРСУНЬ,,,20:24,1,0
2026-10-07 21:15:52,43/44|ЧЕРКАСИ@20261007-2101,43/44|ЧЕРКАСИ,5,КИЇВ-ПАС.,74,23:26,22:12,0,1
2026-10-07 21:15:52,43/44|ЧЕРКАСИ@20261007-2101,43/44|ЧЕРКАСИ,6,ЛЬВІВ,74,06:24,05:10,0,1
2026-10-07 21:15:52,43/44|ЧЕРКАСИ@20261007-2101,43/44|ЧЕРКАСИ,7,СТРИЙ,74,07:44,06:30,0,0
2026-10-07 21:15:52,43/44|ЧЕРКАСИ@20261007-2101,43/44|ЧЕРКАСИ,8,МОРШИН,74,08:20,07:06,0,0
2026-10-07 21:15:52,43/44|ЧЕРКАСИ@20261007-2101,43/44|ЧЕРКАСИ,9,БОЛЕХІВ,74,08:32,07:18,0,0
2026-10-07 21:15:52,43/44|ЧЕРКАСИ@20261007-2101,43/44|ЧЕРКАСИ,10,ДОЛИНА,74,08:48,07:34,0,0
2026-10-07 21:15:52,43/44|ЧЕРКАСИ@20261007-2101,43/44|ЧЕРКАСИ,11,РОЖНЯТІВ,74,09:04,07:50,0,0
2026-10-07 21:15:52,43/44|ЧЕРКАСИ@20261007-2101,43/44|ЧЕРКАСИ,12,КАЛУШ,74,09:20,08:06,0,0
2026-10-07 21:15:52,43/44|ЧЕРКАСИ@20261007-2101,43/44|ЧЕРКАСИ,13,ІВАНО-ФРАНКІВСЬК,74,10:12,08:58,0,0
2026-10-07 21:15:52,31/32|ЗАПОРІЖЖЯ-1@20261007-1819,31/32|ЗАПОРІЖЖЯ-1,8,ЗНАМ'ЯНКА-ПАС.,181,20:56,17:55,1,0
2026-10-07 21:15:52,5/6|ЗАПОРІЖЖЯ-1@20261007-1819,5/6|ЗАПОРІЖЖЯ-1,7,ЗНАМ'ЯНКА-ПАС.,104,20:56,19:12,1,0
2026-10-07 21:15:52,135/136|ОДЕСА-ГОЛОВНА@20261007-2001,135/136|ОДЕСА-ГОЛОВНА,1,РОЗДІЛЬНА-1,,,20:28,1,0
2026-10-07 21:15:52,25/26|ОДЕСА-ГОЛОВНА@20261007-2001,25/26|ОДЕСА-ГОЛОВНА,1,РОЗДІЛЬНА-1,,,20:28,1,0
2026-10-07 21:31:07,3/4|ДНІПРО-ГОЛОВНИЙ@20261007-1819,3/4|ДНІПРО-ГОЛОВНИЙ,5,ІМ.ТАРАСА ШЕВЧЕНКА,,,20:37,1,0
2026-10-07 21:31:07,85/86|ДНІПРО-ГОЛОВНИЙ@20261007-1819,85/86|ДНІПРО-ГОЛОВНИЙ,4,П'ЯТИХАТКИ,243,21:10,17:07,1,0
2026-10-07 21:31:07,41/42|ДНІПРО-ГОЛОВНИЙ@20261007-1819,41/42|ДНІПРО-ГОЛОВНИЙ,4,П'ЯТИХАТКИ,243,21:10,17:07,1,0
2026-10-07 21:31:07,749/750|КИЇВ-ПАС.@20261007-1819,749/750|КИЇВ-ПАС.,4,СВАЛЯВА,89,23:52,22:23,0,0
2026-10-07 21:31:07,749/750|КИЇВ-ПАС.@20261007-1819,749/750|КИЇВ-ПАС.,5,МУКАЧЕВО,89,00:16,22:47,0,0
2026-10-07 21:31:07,749/750|КИЇВ-ПАС.@20261007-1819,749/750|КИЇВ-ПАС.,6,ЧОП,89,01:06,23:37,0,0
2026-10-07 21:31:07,749/750|КИЇВ-ПАС.@20261007-1819,749/750|КИЇВ-ПАС.,7,УЖГОРОД,89,01:52,00:23,0,0
2026-10-07 21:31:07,793/794|КИЇВ-ПАС.@20261007-2101,793/794|КИЇВ-ПАС.,6,ЦЕНТРАЛЬНА,79,21:21,20:02,0,0
2026-10-07 21:31:07,37/38|ОДЕСА-ГОЛОВНА@20261007-2045,37/38|ОДЕСА-ГОЛОВНА,2,ПОДІЛЬСЬК,,,20:45,1,0
2026-10-07 21:31:07,31/32|ЗАПОРІЖЖЯ-1@20261007-1819,31/32|ЗАПОРІЖЖЯ-1,9,ІМ.ТАРАСА ШЕВЧЕНКА,,,20:37,1,0
2026-10-07 21:31:07,1/2|ХАРКІВ-ПАС.@20261007-1819,1/2|ХАРКІВ-ПАС.,3,КИЇВ-ПАС.,73,22:30,21:17,0,1
2026-10-07 21:31:07,1/2|ХАРКІВ-ПАС.@20261007-1819,1/2|ХАРКІВ-ПАС.,4,ЛЬВІВ,73,05:05,03:52,0,1
2026-10-07 21:31:07,1/2|ХАРКІВ-ПАС.@20261007-1819,1/2|ХАРКІВ-ПАС.,5,ІВАНО-ФРАНКІВСЬК,73,07:30,06:17,0,0
2026-10-07 21:31:07,1/2|ХАРКІВ-ПАС.@20261007-1819,1/2|ХАРКІВ-ПАС.,6,ЯРЕМЧЕ,73,09:11,07:58,0,0
2026-10-07 21:31:07,1/2|ХАРКІВ-ПАС.@20261007-1819,1/2|ХАРКІВ-ПАС.,7,ТАТАРІВ-БУКОВЕЛЬ,73,09:36,08:23,0,0
2026-10-07 21:31:07,1/2|ХАРКІВ-ПАС.@20261007-1819,1/2|ХАРКІВ-ПАС.,8,ВОРОХТА,73,09:50,08:37,0,0
2026-10-07 21:31:07,1/2|ХАРКІВ-ПАС.@20261007-1819,1/2|ХАРКІВ-ПАС.,9,ЯСІНЯ,73,10:24,09:11,0,0
2026-10-07 21:31:07,1/2|ХАРКІВ-ПАС.@20261007-1819,1/2|ХАРКІВ-ПАС.,10,КВАСИ,73,10:48,09:35,0,0
2026-10-07 21:31:07,1/2|ХАРКІВ-ПАС.@20261007-1819,1/2|ХАРКІВ-ПАС.,11,РАХІВ,73,11:08,09:55,0,0
2026-10-07 21:31:07,789/790|КИЇВ-ПАС.@20261007-2101,789/790|КИЇВ-ПАС.,4,ІМ.ТАРАСА ШЕВЧЕНКА,76,21:10,19:54,1,0
2026-10-07 21:31:07,791/792|КИЇВ-ПАС.@20261007-2101,791/792|КИЇВ-ПАС.,4,ІМ.ТАРАСА ШЕВЧЕНКА,76,21:10,19:54,1,0
2026-10-07 21:31:07,77/78|КОВЕЛЬ-ПАС.@20261007-1945,77/78|КОВЕЛЬ-ПАС.,4,КЛЕВАНЬ,,,20:49,1,0
2026-10-07 21:31:07,77/78|КОВЕЛЬ-ПАС.@20261007-1945,77/78|КОВЕЛЬ-ПАС.,5,РІВНЕ,69,22:20,21:11,0,0
2026-10-07 21:31:07,77/78|КОВЕЛЬ-ПАС.@20261007-1945,77/78|КОВЕЛЬ-ПАС.,6,ЗДОЛБУНІВ-ПАС.,69,22:38,21:29,0,0
2026-10-07 21:31:07,77/78|КОВЕЛЬ-ПАС.@20261007-1945,77/78|КОВЕЛЬ-ПАС.,7,ОСТРОГ,69,22:59,21:50,0,0
2026-10-07 21:31:07,77/78|КОВЕЛЬ-ПАС.@20261007-1945,77/78|КОВЕЛЬ-ПАС.,8,КРИВИН,69,23:16,22:07,0,0
2026-10-07 21:31:07,77/78|КОВЕЛЬ-ПАС.@20261007-1945,77/78|КОВЕЛЬ-ПАС.,9,СЛАВУТА-1,69,23:30,22:21,0,0
2026-10-07 21:31:07,77/78|КОВЕЛЬ-ПАС.@20261007-1945,77/78|КОВЕЛЬ-ПАС.,10,ШЕПЕТІВКА,69,00:03,22:54,0,0
2026-10-07 21:31:07,77/78|КОВЕЛЬ-ПАС.@20261007-1945,77/78|КОВЕЛЬ-ПАС.,11,ПОЛОННЕ,69,00:38,23:29,0,0
2026-10-07 21:31:07,77/78|КОВЕЛЬ-ПАС.@20261007-1945,77/78|КОВЕЛЬ-ПАС.,12,ПЕЧАНІВКА,69,01:00,23:51,0,0
2026-10-07 21:31:07,77/78|КОВЕЛЬ-ПАС.@20261007-1945,77/78|КОВЕЛЬ-ПАС.,13,ЧУДНІВ-ВОЛИНСЬКИЙ,69,01:22,00:13,0,0
2026-10-07 21:31:07,77/78|КОВЕЛЬ-ПАС.@20261007-1945,77/78|КОВЕЛЬ-ПАС.,14,БЕРДИЧІВ,69,01:54,00:45,0,0
2026-10-07 21:31:07,77/78|КОВЕЛЬ-ПАС.@20261007-1945,77/78|КОВЕЛЬ-ПАС.,15,КОЗЯТИН-1,69,02:20,01:11,0,0
2026-10-07 21:31:07,77/78|КОВЕЛЬ-ПАС.@20261007-1945,77/78|КОВЕЛЬ-ПАС.,16,КАЛИНІВКА-1,69,03:11,02:02,0,0
2026-10-07 21:31:07,77/78|КОВЕЛЬ-ПАС.@20261007-1945,77/78|КОВЕЛЬ-ПАС.,17,ВІННИЦЯ,69,03:32,02:23,0,0
2026-10-07 21:31:07,77/78|КОВЕЛЬ-ПАС.@20261007-1945,77/78|КОВЕЛЬ-ПАС.,18,ЖМЕРИНКА-ПАС.,69,04:12,03:03,0,0
2026-10-07 21:31:07,77/78|КОВЕЛЬ-ПАС.@20261007-1945,77/78|КОВЕЛЬ-ПАС.,19,ЯРОШЕНКА,69,04:50,03:41,0,0
2026-10-07 21:31:07,77/78|КОВЕЛЬ-ПАС.@20261007-1945,77/78|КОВЕЛЬ-ПАС.,20,ВАПНЯРКА,69,05:30,04:21,0,0
2026-10-07 21:31:07,77/78|КОВЕЛЬ-ПАС.@20261007-1945,77/78|КОВЕЛЬ-ПАС.,21,КРИЖОПІЛЬ,69,05:51,04:42,0,0
2026-10-07 21:31:07,77/78|КОВЕЛЬ-ПАС.@20261007-1945,77/78|КОВЕЛЬ-ПАС.,22,РУДНИЦЯ,69,06:05,04:56,0,0
2026-10-07 21:31:07,77/78|КОВЕЛЬ-ПАС.@20261007-1945,77/78|КОВЕЛЬ-ПАС.,23,КОДИМА,69,06:27,05:18,0,0
2026-10-07 21:31:07,77/78|КОВЕЛЬ-ПАС.@20261007-1945,77/78|КОВЕЛЬ-ПАС.,24,СЛОБІДКА,69,06:52,05:43,0,0
2026-10-07 21:31:07,77/78|КОВЕЛЬ-ПАС.@20261007-1945,77/78|КОВЕЛЬ-ПАС.,25,ПОДІЛЬСЬК,69,07:19,06:10,0,0
2026-10-07 21:31:07,77/78|КОВЕЛЬ-ПАС.@20261007-1945,77/78|КОВЕЛЬ-ПАС.,26,РОЗДІЛЬНА-1,69,08:53,07:44,0,0
2026-10-07 21:31:07,77/78|КОВЕЛЬ-ПАС.@20261007-1945,77/78|КОВЕЛЬ-ПАС.,27,ОДЕСА-ГОЛОВНА,69,09:55,08:46,0,1
2026-10-07 21:31:07,731/732|ДНІПРО-ГОЛОВНИЙ@20261007-2045,731/732|ДНІПРО-ГОЛОВНИЙ,5,ІМ.ТАРАСА ШЕВЧЕНКА,65,21:04,19:59,1,0
2026-10-07 21:31:07,63/64|ПЕРЕМИШЛЬ@20261007-1845,63/64|ПЕРЕМИШЛЬ,5,КИЇВ-ПАС.,61,21:58,20:57,0,1
2026-10-07 21:31:07,63/64|ПЕРЕМИШЛЬ@20261007-1845,63/64|ПЕРЕМИШЛЬ,6,ДАРНИЦЯ,61,23:18,22:17,0,0
2026-10-07 21:31:07,63/64|ПЕРЕМИШЛЬ@20261007-1845,63/64|ПЕРЕМИШЛЬ,7,ГРЕБІНКА,61,00:46,23:45,0,0
2026-10-07 21:31:07,63/64|ПЕРЕМИШЛЬ@20261007-1845,63/64|ПЕРЕМИШЛЬ,8,РОМОДАН,61,01:55,00:54,0,0
2026-10-07 21:31:07,63/64|ПЕРЕМИШЛЬ@20261007-1845,63/64|ПЕРЕМИШЛЬ,9,МИРГОРОД,61,02:25,01:24,0,0
2026-10-07 21:31:07,63/64|ПЕРЕМИШЛЬ@20261007-1845,63/64|ПЕРЕМИШЛЬ,10,ПОЛТАВА-КИЇВСЬКА,61,04:24,03:23,0,1
2026-10-07 21:31:07,63/64|ПЕРЕМИШЛЬ@20261007-1845,63/64|ПЕРЕМИШЛЬ,11,ЛЮБОТИН,61,06:32,05:31,0,0
2026-10-07 21:31:07,63/64|ПЕРЕМИШЛЬ@20261007-1845,63/64|ПЕРЕМИШЛЬ,12,ХАРКІВ-ПАС.,61,07:03,06:02,0,1
2026-10-07 21:31:07,9/10|КИЇВ-ПАС.@20261007-1819,9/10|КИЇВ-ПАС.,3,МУКАЧЕВО,59,21:05,20:06,1,0
2026-10-07 21:31:07,135/136|ОДЕСА-ГОЛОВНА@20261007-2001,135/136|ОДЕСА-ГОЛОВНА,2,ЗАТИШШЯ,49,22:04,21:15,0,0
2026-10-07 21:31:07,135/136|ОДЕСА-ГОЛОВНА@20261007-2001,135/136|ОДЕСА-ГОЛОВНА,3,ПОДІЛЬСЬК,49,22:44,21:55,0,0
2026-10-07 21:31:07,135/136|ОДЕСА-ГОЛОВНА@20261007-2001,135/136|ОДЕСА-ГОЛОВНА,4,СЛОБІДКА,49,23:09,22:20,0,0
2026-10-07 21:31:07,135/136|ОДЕСА-ГОЛОВНА@20261007-2001,135/136|ОДЕСА-ГОЛОВНА,5,КОДИМА,49,23:36,22:47,0,0
2026-10-07 21:31:07,135/136|ОДЕСА-ГОЛОВНА@20261007-2001,135/136|ОДЕСА-ГОЛОВНА,6,РУДНИЦЯ,49,23:57,23:08,0,0
2026-10-07 21:31:07,135/136|ОДЕСА-ГОЛОВНА@20261007-2001,135/136|ОДЕСА-ГОЛОВНА,7,КРИЖОПІЛЬ,49,00:11,23:22,0,0
2026-10-07 21:31:07,135/136|ОДЕСА-ГОЛОВНА@20261007-2001,135/136|ОДЕСА-ГОЛОВНА,8,ВАПНЯРКА,49,00:32,23:43,0,0
2026-10-07 21:31:07,135/136|ОДЕСА-ГОЛОВНА@20261007-2001,135/136|ОДЕСА-ГОЛОВНА,9,РАХНИ,49,01:05,00:16,0,0
2026-10-07 21:31:07,135/136|ОДЕСА-ГОЛОВНА@20261007-2001,135/136|ОДЕСА-ГОЛОВНА,10,ЖМЕРИНКА-ПАС.,49,01:40,00:51,0,0
2026-10-07 21:31:07,135/136|ОДЕСА-ГОЛОВНА@20261007-2001,135/136|ОДЕСА-ГОЛОВНА,11,ДЕРАЖНЯ,49,02:53,02:04,0,0
2026-10-07 21:31:07,135/136|ОДЕСА-ГОЛОВНА@20261007-2001,135/136|ОДЕСА-ГОЛОВНА,12,ХМЕЛЬНИЦЬКИЙ,49,03:27,02:38,0,0
2026-10-07 21:31:07,135/136|ОДЕСА-ГОЛОВНА@20261007-2001,135/136|ОДЕСА-ГОЛОВНА,13,ВОЛОЧИСЬК,49,04:31,03:42,0,0
2026-10-07 21:31:07,135/136|ОДЕСА-ГОЛОВНА@20261007-2001,135/136|ОДЕСА-ГОЛОВНА,14,ТЕРНОПІЛЬ-ПАС.,49,05:27,04:38,0,0
2026-10-07 21:31:07,135/136|ОДЕСА-ГОЛОВНА@20261007-2001,135/136|ОДЕСА-ГОЛОВНА,15,ПОТУТОРИ,49,07:22,06:33,0,0
2026-10-07 21:31:07,135/136|ОДЕСА-ГОЛОВНА@20261007-2001,135/136|ОДЕСА-ГОЛОВНА,16,ПІДВИСОКЕ,49,07:50,07:01,0,0
2026-10-07 21:31:07,135/136|ОДЕСА-ГОЛОВНА@20261007-2001,135/136|ОДЕСА-ГОЛОВНА,17,РОГАТИН,49,08:36,07:47,0,0
2026-10-07 21:31:07,135/136|ОДЕСА-ГОЛОВНА@20261007-2001,135/136|ОДЕСА-ГОЛОВНА,18,ХОДОРІВ,49,09:32,08:43,0,0
2026-10-07 21:31:07,135/136|ОДЕСА-ГОЛОВНА@20261007-2001,135/136|ОДЕСА-ГОЛОВНА,19,ГАЛИЧ,49,10:15,09:26,0,0
2026-10-07 21:31:07,135/136|ОДЕСА-ГОЛОВНА@20261007-2001,135/136|ОДЕСА-ГОЛОВНА,20,ІВАНО-ФРАНКІВСЬК,49,10:52,10:03,0,0
2026-10-07 21:31:07,135/136|ОДЕСА-ГОЛОВНА@20261007-2001,135/136|ОДЕСА-ГОЛОВНА,21,КОЛОМИЯ,49,11:58,11:09,0,0
2026-10-07 21:31:07,135/136|ОДЕСА-ГОЛОВНА@20261007-2001,135/136|ОДЕСА-ГОЛОВНА,22,СНЯТИН,49,12:29,11:40,0,0
2026-10-07 21:31:07,135/136|ОДЕСА-ГОЛОВНА@20261007-2001,135/136|ОДЕСА-ГОЛОВНА,23,ЧЕРНІВЦІ,49,13:04,12:15,0,0
2026-10-07 21:31:07,25/26|ОДЕСА-ГОЛОВНА@20261007-2001,25/26|ОДЕСА-ГОЛОВНА,2,ЗАТИШШЯ,49,22:04,21:15,0,0
2026-10-07 21:31:07,25/26|ОДЕСА-ГОЛОВНА@20261007-2001,25/26|ОДЕСА-ГОЛОВНА,3,ПОДІЛЬСЬК,49,22:44,21:55,0,0
2026-10-07 21:31:07,25/26|ОДЕСА-ГОЛОВНА@20261007-2001,25/26|ОДЕСА-ГОЛОВНА,4,СЛОБІДКА,49,23:09,22:20,0,0
2026-10-07 21:31:07,25/26|ОДЕСА-ГОЛОВНА@20261007-2001,25/26|ОДЕСА-ГОЛОВНА,5,КОДИМА,49,23:36,22:47,0,0
2026-10-07 21:31:07,25/26|ОДЕСА-ГОЛОВНА@20261007-2001,25/26|ОДЕСА-ГОЛОВНА,6,РУДНИЦЯ,49,23:57,23:08,0,0
2026-10-07 21:31:07,25/26|ОДЕСА-ГОЛОВНА@20261007-2001,25/26|ОДЕСА-ГОЛОВНА,7,КРИЖОПІЛЬ,49,00:11,23:22,0,0
2026-10-07 21:31:07,25/26|ОДЕСА-ГОЛОВНА@20261007-2001,25/26|ОДЕСА-ГОЛОВНА,8,ВАПНЯРКА,49,00:32,23:43,0,0
2026-10-07 21:31:07,25/26|ОДЕСА-ГОЛОВНА@20261007-2001,25/26|ОДЕСА-ГОЛОВНА,9,РАХНИ,49,01:05,00:16,0,0
2026-10-07 21:31:07,25/26|ОДЕСА-ГОЛОВНА@20261007-2001,25/26|ОДЕСА-ГОЛОВНА,10,ЖМЕРИНКА-ПАС.,49,01:40,00:51,0,0
2026-10-07 21:31:07,25/26|ОДЕСА-ГОЛОВНА@20261007-2001,25/26|ОДЕСА-ГОЛОВНА,11,ДЕРАЖНЯ,49,02:53,02:04,0,0
2026-10-07 21:31:07,25/26|ОДЕСА-ГОЛОВНА@20261007-2001,25/26|ОДЕСА-ГОЛОВНА,12,ХМЕЛЬНИЦЬКИЙ,49,03:27,02:38,0,0
2026-10-07 21:31:07,25/26|ОДЕСА-ГОЛОВНА@20261007-2001,25/26|ОДЕСА-ГОЛОВНА,13,ВОЛОЧИСЬК,49,04:31,03:42,0,0
2026-10-07 21:31:07,25/26|ОДЕСА-ГОЛОВНА@20261007-2001,25/26|ОДЕСА-ГОЛОВНА,14,ТЕРНОПІЛЬ-ПАС.,49,05:27,04:38,0,0
2026-10-07 21:31:07,25/26|ОДЕСА-ГОЛОВНА@20261007-2001,25/26|ОДЕСА-ГОЛОВНА,15,ПОТУТОРИ,49,07:22,06:33,0,0
2026-10-07 21:31:07,25/26|ОДЕСА-ГОЛОВНА@20261007-2001,25/26|ОДЕСА-ГОЛОВНА,16,ПІДВИСОКЕ,49,07:50,07:01,0,0
2026-10-07 21:31:07,25/26|ОДЕСА-ГОЛОВНА@20261007-2001,25/26|ОДЕСА-ГОЛОВНА,17,РОГАТИН,49,08:36,07:47,0,0
2026-10-07 21:31:07,25/26|ОДЕСА-ГОЛОВНА@20261007-2001,25/26|ОДЕСА-ГОЛОВНА,18,ХОДОРІВ,49,09:32,08:43,0,0
2026-10-07 21:31:07,25/26|ОДЕСА-ГОЛОВНА@20261007-2001,25/26|ОДЕСА-ГОЛОВНА,19,ГАЛИЧ,49,10:15,09:26,0,0
2026-10-07 21:31:07,25/26|ОДЕСА-ГОЛОВНА@20261007-2001,25/26|ОДЕСА-ГОЛОВНА,20,ІВАНО-ФРАНКІВСЬК,49,10:52,10:03,0,0
2026-10-07 21:31:07,25/26|ОДЕСА-ГОЛОВНА@20261007-2001,25/26|ОДЕСА-ГОЛОВНА,21,НАДВІРНА,49,12:11,11:22,0,0
2026-10-07 21:31:07,25/26|ОДЕСА-ГОЛОВНА@20261007-2001,25/26|ОДЕСА-ГОЛОВНА,22,ЯРЕМЧЕ,49,12:47,11:58,0,0
2026-10-07 21:31:07,25/26|ОДЕСА-ГОЛОВНА@20261007-2001,25/26|ОДЕСА-ГОЛОВНА,23,МИКУЛИЧИН,49,13:12,12:23,0,0
2026-10-07 21:31:07,25/26|ОДЕСА-ГОЛОВНА@20261007-2001,25/26|ОДЕСА-ГОЛОВНА,24,ТАТАРІВ-БУКОВЕЛЬ,49,13:24,12:35,0,0
2026-10-07 21:31:07,25/26|ОДЕСА-ГОЛОВНА@20261007-2001,25/26|ОДЕСА-ГОЛОВНА,25,ВОРОХТА,49,13:41,12:52,0,0
2026-10-07 21:31:07,25/26|ОДЕСА-ГОЛОВНА@20261007-2001,25/26|ОДЕСА-ГОЛОВНА,26,ЯСІНЯ,49,14:35,13:46,0,0
2026-10-07 21:31:07,773/774|КОНОТОП-ПАС.@20261007-2115,773/774|КОНОТОП-ПАС.,0,КОНОТОП-ПАС.,1,,,1,0
2026-10-07 21:31:07,773/774|КОНОТОП-ПАС.@20261007-2115,773/774|КОНОТОП-ПАС.,1,БАХМАЧ-ПАС.,,15:51,15:51,1,0
2026-10-07 21:31:07,773/774|КОНОТОП-ПАС.@20261007-2115,773/774|КОНОТОП-ПАС.,2,БАХМАЧ-КИЇВ.,15,15:58,15:58,1,1
2026-10-07 21:31:07,773/774|КОНОТОП-ПАС.@20261007-2115,773/774|КОНОТОП-ПАС.,3,ПЛИСКИ,13,16:34,16:21,1,0
2026-10-07 21:31:07,773/774|КОНОТОП-ПАС.@20261007-2115,773/774|КОНОТОП-ПАС.,4,НІЖИН,9,17:05,16:56,1,0
2026-10-07 21:31:07,773/774|КОНОТОП-ПАС.@20261007-2115,773/774|КОНОТОП-ПАС.,5,НОСІВКА,10,17:25,17:15,1,0
2026-10-07 21:31:07,773/774|КОНОТОП-ПАС.@20261007-2115,773/774|КОНОТОП-ПАС.,6,БРОВАРИ,2,18:08,18:06,1,0
2026-10-07 21:31:07,773/774|КОНОТОП-ПАС.@20261007-2115,773/774|КОНОТОП-ПАС.,7,ДАРНИЦЯ,3,18:24,18:21,1,0
2026-10-07 21:31:07,773/774|КОНОТОП-ПАС.@20261007-2115,773/774|КОНОТОП-ПАС.,8,ВИДУБИЧІ,,,18:33,1,0
2026-10-07 21:31:07,773/774|КОНОТОП-ПАС.@20261007-2115,773/774|КОНОТОП-ПАС.,9,КИЇВ-ПАС.,-1,18:48,18:49,1,1
2026-10-07 21:31:07,773/774|КОНОТОП-ПАС.@20261007-2115,773/774|КОНОТОП-ПАС.,10,ВИШНЕВЕ,4,19:28,19:24,1,0
2026-10-07 21:31:07,773/774|КОНОТОП-ПАС.@20261007-2115,773/774|КОНОТОП-ПАС.,11,ФАСТІВ-1,48,21:15,20:27,1,0
2026-10-07 21:31:07,773/774|КОНОТОП-ПАС.@20261007-2115,773/774|КОНОТОП-ПАС.,12,КОЗЯТИН-1,48,22:22,21:34,0,0
2026-10-07 21:31:07,773/774|КОНОТОП-ПАС.@20261007-2115,773/774|КОНОТОП-ПАС.,13,КАЛИНІВКА-1,48,22:57,22:09,0,0
2026-10-07 21:31:07,773/774|КОНОТОП-ПАС.@20261007-2115,773/774|КОНОТОП-ПАС.,14,ВІННИЦЯ,48,23:18,22:30,0,0
2026-10-07 21:31:07,773/774|КОНОТОП-ПАС.@20261007-2115,773/774|КОНОТОП-ПАС.,15,ГНІВАНЬ,48,23:40,22:52,0,0
2026-10-07 21:31:07,773/774|КОНОТОП-ПАС.@20261007-2115,773/774|КОНОТОП-ПАС.,16,ЖМЕРИНКА-ПАС.,48,00:04,23:16,0,0
2026-10-07 21:31:07,113/114|ХАРКІВ-ПАС.@20261007-1819,113/114|ХАРКІВ-ПАС.,25,ІВАНИЧІ,,,20:37,1,0
2026-10-07 21:31:07,113/114|ХАРКІВ-ПАС.@20261007-1819,113/114|ХАРКІВ-ПАС.,26,СОКАЛЬ,46,21:51,21:05,0,0
2026-10-07 21:31:07,113/114|ХАРКІВ-ПАС.@20261007-1819,113/114|ХАРКІВ-ПАС.,27,ШЕПТИЦЬКИЙ,46,22:07,21:21,0,0
2026-10-07 21:31:07,113/114|ХАРКІВ-ПАС.@20261007-1819,113/114|ХАРКІВ-ПАС.,28,СОСНІВКА,46,22:33,21:47,0,0
2026-10-07 21:31:07,113/114|ХАРКІВ-ПАС.@20261007-1819,113/114|ХАРКІВ-ПАС.,29,ПІДЗАМЧЕ,46,23:46,23:00,0,0
2026-10-07 21:31:07,113/114|ХАРКІВ-ПАС.@20261007-1819,113/114|ХАРКІВ-ПАС.,30,ЛЬВІВ,46,00:04,23:18,0,1
2026-10-07 21:31:07,113/114|ХАРКІВ-ПАС.@20261007-1819,113/114|ХАРКІВ-ПАС.,31,СТРИЙ,46,01:37,00:51,0,0
2026-10-07 21:31:07,113/114|ХАРКІВ-ПАС.@20261007-1819,113/114|ХАРКІВ-ПАС.,32,СКОЛЕ,46,02:22,01:36,0,0
2026-10-07 21:31:07,113/114|ХАРКІВ-ПАС.@20261007-1819,113/114|ХАРКІВ-ПАС.,33,СЛАВСЬКО,46,02:58,02:12,0,0
2026-10-07 21:31:07,113/114|ХАРКІВ-ПАС.@20261007-1819,113/114|ХАРКІВ-ПАС.,34,ЛАВОЧНЕ,46,03:16,02:30,0,0
2026-10-07 21:31:07,113/114|ХАРКІВ-ПАС.@20261007-1819,113/114|ХАРКІВ-ПАС.,35,ВОЛОВЕЦЬ,46,04:03,03:17,0,0
2026-10-07 21:31:07,113/114|ХАРКІВ-ПАС.@20261007-1819,113/114|ХАРКІВ-ПАС.,36,СВАЛЯВА,46,04:45,03:59,0,0
2026-10-07 21:31:07,113/114|ХАРКІВ-ПАС.@20261007-1819,113/114|ХАРКІВ-ПАС.,37,КАРПАТИ,46,05:08,04:22,0,0
2026-10-07 21:31:07,113/114|ХАРКІВ-ПАС.@20261007-1819,113/114|ХАРКІВ-ПАС.,38,МУКАЧЕВО,46,05:27,04:41,0,0
2026-10-07 21:31:07,113/114|ХАРКІВ-ПАС.@20261007-1819,113/114|ХАРКІВ-ПАС.,39,БАТЬОВО-ПАС.,46,06:13,05:27,0,0
2026-10-07 21:31:07,113/114|ХАРКІВ-ПАС.@20261007-1819,113/114|ХАРКІВ-ПАС.,40,ЧОП,46,06:48,06:02,0,0
2026-10-07 21:31:07,113/114|ХАРКІВ-ПАС.@20261007-1819,113/114|ХАРКІВ-ПАС.,41,УЖГОРОД,46,07:37,06:51,0,0
2026-10-07 21:31:07,127/128|ДНІПРО-ГОЛОВНИЙ@20261007-1819,127/128|ДНІПРО-ГОЛОВНИЙ,4,ОЛЕКСАНДРІЯ,36,21:36,21:00,0,0
2026-10-07 21:31:07,127/128|ДНІПРО-ГОЛОВНИЙ@20261007-1819,127/128|ДНІПРО-ГОЛОВНИЙ,5,КОРИСТІВКА,36,21:48,21:12,0,0
2026-10-07 21:31:07,127/128|ДНІПРО-ГОЛОВНИЙ@20261007-1819,127/128|ДНІПРО-ГОЛОВНИЙ,6,ЗНАМ'ЯНКА-ПАС.,36,22:21,21:45,0,0
2026-10-07 21:31:07,127/128|ДНІПРО-ГОЛОВНИЙ@20261007-1819,127/128|ДНІПРО-ГОЛОВНИЙ,7,КРОПИВНИЦЬКИЙ,36,23:28,22:52,0,0
2026-10-07 21:31:07,127/128|ДНІПРО-ГОЛОВНИЙ@20261007-1819,127/128|ДНІПРО-ГОЛОВНИЙ,8,ПЛЕТЕНИЙ ТАШЛИК,36,00:08,23:32,0,0
2026-10-07 21:31:07,127/128|ДНІПРО-ГОЛОВНИЙ@20261007-1819,127/128|ДНІПРО-ГОЛОВНИЙ,9,НОВОУКРАЇНКА,36,00:28,23:52,0,0
2026-10-07 21:31:07,127/128|ДНІПРО-ГОЛОВНИЙ@20261007-1819,127/128|ДНІПРО-ГОЛОВНИЙ,10,ПОМІЧНА,36,00:46,00:10,0,0
2026-10-07 21:31:07,127/128|ДНІПРО-ГОЛОВНИЙ@20261007-1819,127/128|ДНІПРО-ГОЛОВНИЙ,11,ГОЛТА,36,01:53,01:17,0,0
2026-10-07 21:31:07,127/128|ДНІПРО-ГОЛОВНИЙ@20261007-1819,127/128|ДНІПРО-ГОЛОВНИЙ,12,ВРАДІЇВКА,36,02:32,01:56,0,0
2026-10-07 21:31:07,127/128|ДНІПРО-ГОЛОВНИЙ@20261007-1819,127/128|ДНІПРО-ГОЛОВНИЙ,13,ЛЮБАШІВКА,36,03:01,02:25,0,0
2026-10-07 21:31:07,127/128|ДНІПРО-ГОЛОВНИЙ@20261007-1819,127/128|ДНІПРО-ГОЛОВНИЙ,14,БАЛТА,36,04:02,03:26,0,0
2026-10-07 21:31:07,127/128|ДНІПРО-ГОЛОВНИЙ@20261007-1819,127/128|ДНІПРО-ГОЛОВНИЙ,15,СЛОБІДКА,36,04:38,04:02,0,0
2026-10-07 21:31:07,127/128|ДНІПРО-ГОЛОВНИЙ@20261007-1819,127/128|ДНІПРО-ГОЛОВНИЙ,16,КОДИМА,36,05:06,04:30,0,0
2026-10-07 21:31:07,127/128|ДНІПРО-ГОЛОВНИЙ@20261007-1819,127/128|ДНІПРО-ГОЛОВНИЙ,17,КРИЖОПІЛЬ,36,05:38,05:02,0,0
2026-10-07 21:31:07,127/128|ДНІПРО-ГОЛОВНИЙ@20261007-1819,127/128|ДНІПРО-ГОЛОВНИЙ,18,ВАПНЯРКА,36,05:59,05:23,0,0
2026-10-07 21:31:07,127/128|ДНІПРО-ГОЛОВНИЙ@20261007-1819,127/128|ДНІПРО-ГОЛОВНИЙ,19,ЖМЕРИНКА-ПАС.,36,07:08,06:32,0,0
2026-10-07 21:31:07,127/128|ДНІПРО-ГОЛОВНИЙ@20261007-1819,127/128|ДНІПРО-ГОЛОВНИЙ,20,ДЕРАЖНЯ,36,08:23,07:47,0,0
2026-10-07 21:31:07,127/128|ДНІПРО-ГОЛОВНИЙ@20261007-1819,127/128|ДНІПРО-ГОЛОВНИЙ,21,ХМЕЛЬНИЦЬКИЙ,36,08:57,08:21,0,0
2026-10-07 21:31:07,127/128|ДНІПРО-ГОЛОВНИЙ@20261007-1819,127/128|ДНІПРО-ГОЛОВНИЙ,22,ВОЛОЧИСЬК,36,09:57,09:21,0,0
2026-10-07 21:31:07,127/128|ДНІПРО-ГОЛОВНИЙ@20261007-1819,127/128|ДНІПРО-ГОЛОВНИЙ,23,ТЕРНОПІЛЬ-ПАС.,36,10:54,10:18,0,0
2026-10-07 21:31:07,127/128|ДНІПРО-ГОЛОВНИЙ@20261007-1819,127/128|ДНІПРО-ГОЛОВНИЙ,24,ЗЛОЧІВ,36,11:53,11:17,0,0
2026-10-07 21:31:07,127/128|ДНІПРО-ГОЛОВНИЙ@20261007-1819,127/128|ДНІПРО-ГОЛОВНИЙ,25,КРАСНЕ,36,12:18,11:42,0,0
2026-10-07 21:31:07,127/128|ДНІПРО-ГОЛОВНИЙ@20261007-1819,127/128|ДНІПРО-ГОЛОВНИЙ,26,ПІДЗАМЧЕ,36,12:51,12:15,0,0
2026-10-07 21:31:07,127/128|ДНІПРО-ГОЛОВНИЙ@20261007-1819,127/128|ДНІПРО-ГОЛОВНИЙ,27,ЛЬВІВ,36,13:05,12:29,0,1
2026-10-07 21:31:07,7/8|ОДЕСА-ГОЛОВНА@20261007-2045,7/8|ОДЕСА-ГОЛОВНА,1,ПОМІЧНА,31,02:39,02:08,0,0
2026-10-07 21:31:07,7/8|ОДЕСА-ГОЛОВНА@20261007-2045,7/8|ОДЕСА-ГОЛОВНА,2,КРОПИВНИЦЬКИЙ,31,03:44,03:13,0,0
2026-10-07 21:31:07,7/8|ОДЕСА-ГОЛОВНА@20261007-2045,7/8|ОДЕСА-ГОЛОВНА,3,ЗНАМ'ЯНКА-ПАС.,31,04:33,04:02,0,0
2026-10-07 21:31:07,7/8|ОДЕСА-ГОЛОВНА@20261007-2045,7/8|ОДЕСА-ГОЛОВНА,4,КРЕМЕНЧУК-ПАС.,31,05:50,05:19,0,0
2026-10-07 21:31:07,7/8|ОДЕСА-ГОЛОВНА@20261007-2045,7/8|ОДЕСА-ГОЛОВНА,5,ПОЛТАВА-ПІВД.,31,07:42,07:11,0,1
2026-10-07 21:31:07,7/8|ОДЕСА-ГОЛОВНА@20261007-2045,7/8|ОДЕСА-ГОЛОВНА,6,ХАРКІВ-ПАС.,31,09:45,09:14,0,1
2026-10-07 21:31:07,53/54|ОДЕСА-ГОЛОВНА@20261007-2045,53/54|ОДЕСА-ГОЛОВНА,1,ПОМІЧНА,22,02:15,01:53,0,0
2026-10-07 21:31:07,53/54|ОДЕСА-ГОЛОВНА@20261007-2045,53/54|ОДЕСА-ГОЛОВНА,2,НОВОУКРАЇНКА,22,02:31,02:09,0,0
2026-10-07 21:31:07,53/54|ОДЕСА-ГОЛОВНА@20261007-2045,53/54|ОДЕСА-ГОЛОВНА,3,ПЛЕТЕНИЙ ТАШЛИК,22,02:51,02:29,0,0
2026-10-07 21:31:07,53/54|ОДЕСА-ГОЛОВНА@20261007-2045,53/54|ОДЕСА-ГОЛОВНА,4,КРОПИВНИЦЬКИЙ,22,03:25,03:03,0,0
2026-10-07 21:31:07,53/54|ОДЕСА-ГОЛОВНА@20261007-2045,53/54|ОДЕСА-ГОЛОВНА,5,ЗНАМ'ЯНКА-ПАС.,22,04:16,03:54,0,0
2026-10-07 21:31:07,53/54|ОДЕСА-ГОЛОВНА@20261007-2045,53/54|ОДЕСА-ГОЛОВНА,6,ОЛЕКСАНДРІЯ,22,05:19,04:57,0,0
2026-10-07 21:31:07,53/54|ОДЕСА-ГОЛОВНА@20261007-2045,53/54|ОДЕСА-ГОЛОВНА,7,П'ЯТИХАТКИ,22,06:46,06:24,0,0
2026-10-07 21:31:07,53/54|ОДЕСА-ГОЛОВНА@20261007-2045,53/54|ОДЕСА-ГОЛОВНА,8,ВЕРХІВЦЕВЕ,22,07:55,07:33,0,0
2026-10-07 21:31:07,53/54|ОДЕСА-ГОЛОВНА@20261007-2045,53/54|ОДЕСА-ГОЛОВНА,9,КАМ'ЯНСЬКЕ-ПАС.,22,08:24,08:02,0,0
2026-10-07 21:31:07,53/54|ОДЕСА-ГОЛОВНА@20261007-2045,53/54|ОДЕСА-ГОЛОВНА,10,ДНІПРО-ГОЛОВНИЙ,22,09:56,09:34,0,1
2026-10-07 21:45:48,3/4|ДНІПРО-ГОЛОВНИЙ@20261007-1819,3/4|ДНІПРО-ГОЛОВНИЙ,6,БІЛА ЦЕРКВА,259,03:34,23:15,0,0
2026-10-07 21:45:48,3/4|ДНІПРО-ГОЛОВНИЙ@20261007-1819,3/4|ДНІПРО-ГОЛОВНИЙ,7,БЕРДИЧІВ,259,05:44,01:25,0,0
2026-10-07 21:45:48,3/4|ДНІПРО-ГОЛОВНИЙ@20261007-1819,3/4|ДНІПРО-ГОЛОВНИЙ,8,ЛЬВІВ,259,10:06,05:47,0,1
2026-10-07 21:45:48,3/4|ДНІПРО-ГОЛОВНИЙ@20261007-1819,3/4|ДНІПРО-ГОЛОВНИЙ,9,СТРИЙ,259,11:30,07:11,0,0
2026-10-07 21:45:48,3/4|ДНІПРО-ГОЛОВНИЙ@20261007-1819,3/4|ДНІПРО-ГОЛОВНИЙ,10,СЛАВСЬКО,259,12:27,08:08,0,0
2026-10-07 21:45:48,3/4|ДНІПРО-ГОЛОВНИЙ@20261007-1819,3/4|ДНІПРО-ГОЛОВНИЙ,11,ВОЛОВЕЦЬ,259,13:17,08:58,0,0
2026-10-07 21:45:48,3/4|ДНІПРО-ГОЛОВНИЙ@20261007-1819,3/4|ДНІПРО-ГОЛОВНИЙ,12,СВАЛЯВА,259,13:48,09:29,0,0
2026-10-07 21:45:48,3/4|ДНІПРО-ГОЛОВНИЙ@20261007-1819,3/4|ДНІПРО-ГОЛОВНИЙ,13,МУКАЧЕВО,259,14:14,09:55,0,0
2026-10-07 21:45:48,3/4|ДНІПРО-ГОЛОВНИЙ@20261007-1819,3/4|ДНІПРО-ГОЛОВНИЙ,14,УЖГОРОД,259,15:29,11:10,0,0
2026-10-07 21:45:48,61/62|ДНІПРО-ГОЛОВНИЙ@20261007-1819,61/62|ДНІПРО-ГОЛОВНИЙ,8,БІЛА ЦЕРКВА,213,01:59,22:26,0,0
2026-10-07 21:45:48,61/62|ДНІПРО-ГОЛОВНИЙ@20261007-1819,61/62|ДНІПРО-ГОЛОВНИЙ,9,ЛЬВІВ,213,08:23,04:50,0,1
2026-10-07 21:45:48,61/62|ДНІПРО-ГОЛОВНИЙ@20261007-1819,61/62|ДНІПРО-ГОЛОВНИЙ,10,ХОДОРІВ,213,09:51,06:18,0,0
2026-10-07 21:45:48,61/62|ДНІПРО-ГОЛОВНИЙ@20261007-1819,61/62|ДНІПРО-ГОЛОВНИЙ,11,ІВАНО-ФРАНКІВСЬК,213,11:00,07:27,0,0
2026-10-07 21:45:48,261/262|ДНІПРО-ГОЛОВНИЙ@20261007-1819,261/262|ДНІПРО-ГОЛОВНИЙ,8,БІЛА ЦЕРКВА,213,01:59,22:26,0,0
2026-10-07 21:45:48,261/262|ДНІПРО-ГОЛОВНИЙ@20261007-1819,261/262|ДНІПРО-ГОЛОВНИЙ,9,ЛЬВІВ,213,08:23,04:50,0,1
2026-10-07 21:45:48,261/262|ДНІПРО-ГОЛОВНИЙ@20261007-1819,261/262|ДНІПРО-ГОЛОВНИЙ,10,ХОДОРІВ,213,09:51,06:18,0,0
2026-10-07 21:45:48,261/262|ДНІПРО-ГОЛОВНИЙ@20261007-1819,261/262|ДНІПРО-ГОЛОВНИЙ,11,ІВАНО-ФРАНКІВСЬК,213,11:00,07:27,0,0
2026-10-07 21:45:48,261/262|ДНІПРО-ГОЛОВНИЙ@20261007-1819,261/262|ДНІПРО-ГОЛОВНИЙ,12,КОЛОМИЯ,213,12:04,08:31,0,0
2026-10-07 21:45:48,261/262|ДНІПРО-ГОЛОВНИЙ@20261007-1819,261/262|ДНІПРО-ГОЛОВНИЙ,13,СНЯТИН,213,12:36,09:03,0,0
2026-10-07 21:45:48,261/262|ДНІПРО-ГОЛОВНИЙ@20261007-1819,261/262|ДНІПРО-ГОЛОВНИЙ,14,ЧЕРНІВЦІ,213,13:11,09:38,0,0
2026-10-07 21:45:48,749/750|КИЇВ-ПАС.@20261007-1819,749/750|КИЇВ-ПАС.,4,СВАЛЯВА,101,00:04,22:23,0,0
2026-10-07 21:45:48,749/750|КИЇВ-ПАС.@20261007-1819,749/750|КИЇВ-ПАС.,5,МУКАЧЕВО,101,00:28,22:47,0,0
2026-10-07 21:45:48,749/750|КИЇВ-ПАС.@20261007-1819,749/750|КИЇВ-ПАС.,6,ЧОП,101,01:18,23:37,0,0
2026-10-07 21:45:48,749/750|КИЇВ-ПАС.@20261007-1819,749/750|КИЇВ-ПАС.,7,УЖГОРОД,101,02:04,00:23,0,0
2026-10-07 21:45:48,793/794|КИЇВ-ПАС.@20261007-2101,793/794|КИЇВ-ПАС.,6,ЦЕНТРАЛЬНА,84,21:26,20:02,0,0
2026-10-07 21:45:48,793/794|КИЇВ-ПАС.@20261007-2101,793/794|КИЇВ-ПАС.,7,ЧЕРКАСИ,84,22:14,20:50,0,0
2026-10-07 21:45:48,37/38|ОДЕСА-ГОЛОВНА@20261007-2045,37/38|ОДЕСА-ГОЛОВНА,3,КОДИМА,67,22:46,21:39,0,0
2026-10-07 21:45:48,37/38|ОДЕСА-ГОЛОВНА@20261007-2045,37/38|ОДЕСА-ГОЛОВНА,4,РУДНИЦЯ,67,23:11,22:04,0,0
2026-10-07 21:45:48,37/38|ОДЕСА-ГОЛОВНА@20261007-2045,37/38|ОДЕСА-ГОЛОВНА,5,ВАПНЯРКА,67,23:45,22:38,0,0
2026-10-07 21:45:48,37/38|ОДЕСА-ГОЛОВНА@20261007-2045,37/38|ОДЕСА-ГОЛОВНА,6,ЖМЕРИНКА-ПАС.,67,01:01,23:54,0,0
2026-10-07 21:45:48,37/38|ОДЕСА-ГОЛОВНА@20261007-2045,37/38|ОДЕСА-ГОЛОВНА,7,ХМЕЛЬНИЦЬКИЙ,67,02:52,01:45,0,0
2026-10-07 21:45:48,37/38|ОДЕСА-ГОЛОВНА@20261007-2045,37/38|ОДЕСА-ГОЛОВНА,8,ГРЕЧАНИ,67,03:08,02:01,0,0
2026-10-07 21:45:48,37/38|ОДЕСА-ГОЛОВНА@20261007-2045,37/38|ОДЕСА-ГОЛОВНА,9,ВОЛОЧИСЬК,67,04:29,03:22,0,0
2026-10-07 21:45:48,37/38|ОДЕСА-ГОЛОВНА@20261007-2045,37/38|ОДЕСА-ГОЛОВНА,10,ПІДВОЛОЧИСЬК,67,04:39,03:32,0,0
2026-10-07 21:45:48,37/38|ОДЕСА-ГОЛОВНА@20261007-2045,37/38|ОДЕСА-ГОЛОВНА,11,ТЕРНОПІЛЬ-ПАС.,67,05:31,04:24,0,0
2026-10-07 21:45:48,37/38|ОДЕСА-ГОЛОВНА@20261007-2045,37/38|ОДЕСА-ГОЛОВНА,12,ЗЛОЧІВ,67,06:33,05:26,0,0
2026-10-07 21:45:48,37/38|ОДЕСА-ГОЛОВНА@20261007-2045,37/38|ОДЕСА-ГОЛОВНА,13,КРАСНЕ,67,06:58,05:51,0,0
2026-10-07 21:45:48,37/38|ОДЕСА-ГОЛОВНА@20261007-2045,37/38|ОДЕСА-ГОЛОВНА,14,ЛЬВІВ,67,07:41,06:34,0,1
2026-10-07 21:45:48,37/38|ОДЕСА-ГОЛОВНА@20261007-2045,37/38|ОДЕСА-ГОЛОВНА,15,СТРИЙ,67,09:10,08:03,0,0
2026-10-07 21:45:48,37/38|ОДЕСА-ГОЛОВНА@20261007-2045,37/38|ОДЕСА-ГОЛОВНА,16,СКОЛЕ,67,09:42,08:35,0,0
2026-10-07 21:45:48,37/38|ОДЕСА-ГОЛОВНА@20261007-2045,37/38|ОДЕСА-ГОЛОВНА,17,СЛАВСЬКО,67,10:12,09:05,0,0
2026-10-07 21:45:48,37/38|ОДЕСА-ГОЛОВНА@20261007-2045,37/38|ОДЕСА-ГОЛОВНА,18,ВОЛОВЕЦЬ,67,11:02,09:55,0,0
2026-10-07 21:45:48,37/38|ОДЕСА-ГОЛОВНА@20261007-2045,37/38|ОДЕСА-ГОЛОВНА,19,СВАЛЯВА,67,11:34,10:27,0,0
2026-10-07 21:45:48,37/38|ОДЕСА-ГОЛОВНА@20261007-2045,37/38|ОДЕСА-ГОЛОВНА,20,КАРПАТИ,67,11:45,10:38,0,0
2026-10-07 21:45:48,37/38|ОДЕСА-ГОЛОВНА@20261007-2045,37/38|ОДЕСА-ГОЛОВНА,21,МУКАЧЕВО,67,12:03,10:56,0,0
2026-10-07 21:45:48,37/38|ОДЕСА-ГОЛОВНА@20261007-2045,37/38|ОДЕСА-ГОЛОВНА,22,УЖГОРОД,67,13:20,12:13,0,0
2026-10-07 21:45:48,731/732|ДНІПРО-ГОЛОВНИЙ@20261007-2045,731/732|ДНІПРО-ГОЛОВНИЙ,6,КИЇВ-ПАС.,61,23:20,22:19,0,1
2026-10-07 21:45:48,127/128|ДНІПРО-ГОЛОВНИЙ@20261007-1819,127/128|ДНІПРО-ГОЛОВНИЙ,4,ОЛЕКСАНДРІЯ,59,21:59,21:00,0,0
2026-10-07 21:45:48,127/128|ДНІПРО-ГОЛОВНИЙ@20261007-1819,127/128|ДНІПРО-ГОЛОВНИЙ,5,КОРИСТІВКА,59,22:11,21:12,0,0
2026-10-07 21:45:48,127/128|ДНІПРО-ГОЛОВНИЙ@20261007-1819,127/128|ДНІПРО-ГОЛОВНИЙ,6,ЗНАМ'ЯНКА-ПАС.,59,22:44,21:45,0,0
2026-10-07 21:45:48,127/128|ДНІПРО-ГОЛОВНИЙ@20261007-1819,127/128|ДНІПРО-ГОЛОВНИЙ,7,КРОПИВНИЦЬКИЙ,59,23:51,22:52,0,0
2026-10-07 21:45:48,127/128|ДНІПРО-ГОЛОВНИЙ@20261007-1819,127/128|ДНІПРО-ГОЛОВНИЙ,8,ПЛЕТЕНИЙ ТАШЛИК,59,00:31,23:32,0,0
2026-10-07 21:45:48,127/128|ДНІПРО-ГОЛОВНИЙ@20261007-1819,127/128|ДНІПРО-ГОЛОВНИЙ,9,НОВОУКРАЇНКА,59,00:51,23:52,0,0
2026-10-07 21:45:48,127/128|ДНІПРО-ГОЛОВНИЙ@20261007-1819,127/128|ДНІПРО-ГОЛОВНИЙ,10,ПОМІЧНА,59,01:09,00:10,0,0
2026-10-07 21:45:48,127/128|ДНІПРО-ГОЛОВНИЙ@20261007-1819,127/128|ДНІПРО-ГОЛОВНИЙ,11,ГОЛТА,59,02:16,01:17,0,0
2026-10-07 21:45:48,127/128|ДНІПРО-ГОЛОВНИЙ@20261007-1819,127/128|ДНІПРО-ГОЛОВНИЙ,12,ВРАДІЇВКА,59,02:55,01:56,0,0
2026-10-07 21:45:48,127/128|ДНІПРО-ГОЛОВНИЙ@20261007-1819,127/128|ДНІПРО-ГОЛОВНИЙ,13,ЛЮБАШІВКА,59,03:24,02:25,0,0
2026-10-07 21:45:48,127/128|ДНІПРО-ГОЛОВНИЙ@20261007-1819,127/128|ДНІПРО-ГОЛОВНИЙ,14,БАЛТА,59,04:25,03:26,0,0
2026-10-07 21:45:48,127/128|ДНІПРО-ГОЛОВНИЙ@20261007-1819,127/128|ДНІПРО-ГОЛОВНИЙ,15,СЛОБІДКА,59,05:01,04:02,0,0
2026-10-07 21:45:48,127/128|ДНІПРО-ГОЛОВНИЙ@20261007-1819,127/128|ДНІПРО-ГОЛОВНИЙ,16,КОДИМА,59,05:29,04:30,0,0
2026-10-07 21:45:48,127/128|ДНІПРО-ГОЛОВНИЙ@20261007-1819,127/128|ДНІПРО-ГОЛОВНИЙ,17,КРИЖОПІЛЬ,59,06:01,05:02,0,0
2026-10-07 21:45:48,127/128|ДНІПРО-ГОЛОВНИЙ@20261007-1819,127/128|ДНІПРО-ГОЛОВНИЙ,18,ВАПНЯРКА,59,06:22,05:23,0,0
2026-10-07 21:45:48,127/128|ДНІПРО-ГОЛОВНИЙ@20261007-1819,127/128|ДНІПРО-ГОЛОВНИЙ,19,ЖМЕРИНКА-ПАС.,59,07:31,06:32,0,0
2026-10-07 21:45:48,127/128|ДНІПРО-ГОЛОВНИЙ@20261007-1819,127/128|ДНІПРО-ГОЛОВНИЙ,20,ДЕРАЖНЯ,59,08:46,07:47,0,0
2026-10-07 21:45:48,127/128|ДНІПРО-ГОЛОВНИЙ@20261007-1819,127/128|ДНІПРО-ГОЛОВНИЙ,21,ХМЕЛЬНИЦЬКИЙ,59,09:20,08:21,0,0
2026-10-07 21:45:48,127/128|ДНІПРО-ГОЛОВНИЙ@20261007-1819,127/128|ДНІПРО-ГОЛОВНИЙ,22,ВОЛОЧИСЬК,59,10:20,09:21,0,0
2026-10-07 21:45:48,127/128|ДНІПРО-ГОЛОВНИЙ@20261007-1819,127/128|ДНІПРО-ГОЛОВНИЙ,23,ТЕРНОПІЛЬ-ПАС.,59,11:17,10:18,0,0
2026-10-07 21:45:48,127/128|ДНІПРО-ГОЛОВНИЙ@20261007-1819,127/128|ДНІПРО-ГОЛОВНИЙ,24,ЗЛОЧІВ,59,12:16,11:17,0,0
2026-10-07 21:45:48,127/128|ДНІПРО-ГОЛОВНИЙ@20261007-1819,127/128|ДНІПРО-ГОЛОВНИЙ,25,КРАСНЕ,59,12:41,11:42,0,0
2026-10-07 21:45:48,127/128|ДНІПРО-ГОЛОВНИЙ@20261007-1819,127/128|ДНІПРО-ГОЛОВНИЙ,26,ПІДЗАМЧЕ,59,13:14,12:15,0,0
2026-10-07 21:45:48,127/128|ДНІПРО-ГОЛОВНИЙ@20261007-1819,127/128|ДНІПРО-ГОЛОВНИЙ,27,ЛЬВІВ,59,13:28,12:29,0,1
2026-10-07 21:45:48,113/114|ХАРКІВ-ПАС.@20261007-1819,113/114|ХАРКІВ-ПАС.,26,СОКАЛЬ,40,21:45,21:05,0,0
2026-10-07 21:45:48,113/114|ХАРКІВ-ПАС.@20261007-1819,113/114|ХАРКІВ-ПАС.,27,ШЕПТИЦЬКИЙ,40,22:01,21:21,0,0
2026-10-07 21:45:48,113/114|ХАРКІВ-ПАС.@20261007-1819,113/114|ХАРКІВ-ПАС.,28,СОСНІВКА,40,22:27,21:47,0,0
2026-10-07 21:45:48,113/114|ХАРКІВ-ПАС.@20261007-1819,113/114|ХАРКІВ-ПАС.,29,ПІДЗАМЧЕ,40,23:40,23:00,0,0
2026-10-07 21:45:48,113/114|ХАРКІВ-ПАС.@20261007-1819,113/114|ХАРКІВ-ПАС.,30,ЛЬВІВ,40,23:58,23:18,0,1
2026-10-07 21:45:48,113/114|ХАРКІВ-ПАС.@20261007-1819,113/114|ХАРКІВ-ПАС.,31,СТРИЙ,40,01:31,00:51,0,0
2026-10-07 21:45:48,113/114|ХАРКІВ-ПАС.@20261007-1819,113/114|ХАРКІВ-ПАС.,32,СКОЛЕ,40,02:16,01:36,0,0
2026-10-07 21:45:48,113/114|ХАРКІВ-ПАС.@20261007-1819,113/114|ХАРКІВ-ПАС.,33,СЛАВСЬКО,40,02:52,02:12,0,0
2026-10-07 21:45:48,113/114|ХАРКІВ-ПАС.@20261007-1819,113/114|ХАРКІВ-ПАС.,34,ЛАВОЧНЕ,40,03:10,02:30,0,0
2026-10-07 21:45:48,113/114|ХАРКІВ-ПАС.@20261007-1819,113/114|ХАРКІВ-ПАС.,35,ВОЛОВЕЦЬ,40,03:57,03:17,0,0
2026-10-07 21:45:48,113/114|ХАРКІВ-ПАС.@20261007-1819,113/114|ХАРКІВ-ПАС.,36,СВАЛЯВА,40,04:39,03:59,0,0
2026-10-07 21:45:48,113/114|ХАРКІВ-ПАС.@20261007-1819,113/114|ХАРКІВ-ПАС.,37,КАРПАТИ,40,05:02,04:22,0,0
2026-10-07 21:45:48,113/114|ХАРКІВ-ПАС.@20261007-1819,113/114|ХАРКІВ-ПАС.,38,МУКАЧЕВО,40,05:21,04:41,0,0
2026-10-07 21:45:48,113/114|ХАРКІВ-ПАС.@20261007-1819,113/114|ХАРКІВ-ПАС.,39,БАТЬОВО-ПАС.,40,06:07,05:27,0,0
2026-10-07 21:45:48,113/114|ХАРКІВ-ПАС.@20261007-1819,113/114|ХАРКІВ-ПАС.,40,ЧОП,40,06:42,06:02,0,0
2026-10-07 21:45:48,113/114|ХАРКІВ-ПАС.@20261007-1819,113/114|ХАРКІВ-ПАС.,41,УЖГОРОД,40,07:31,06:51,0,0
2026-10-07 21:45:48,7/8|ОДЕСА-ГОЛОВНА@20261007-2045,7/8|ОДЕСА-ГОЛОВНА,1,ПОМІЧНА,27,02:35,02:08,0,0
2026-10-07 21:45:48,7/8|ОДЕСА-ГОЛОВНА@20261007-2045,7/8|ОДЕСА-ГОЛОВНА,2,КРОПИВНИЦЬКИЙ,27,03:40,03:13,0,0
2026-10-07 21:45:48,7/8|ОДЕСА-ГОЛОВНА@20261007-2045,7/8|ОДЕСА-ГОЛОВНА,3,ЗНАМ'ЯНКА-ПАС.,27,04:29,04:02,0,0
2026-10-07 21:45:48,7/8|ОДЕСА-ГОЛОВНА@20261007-2045,7/8|ОДЕСА-ГОЛОВНА,4,КРЕМЕНЧУК-ПАС.,27,05:46,05:19,0,0
2026-10-07 21:45:48,7/8|ОДЕСА-ГОЛОВНА@20261007-2045,7/8|ОДЕСА-ГОЛОВНА,5,ПОЛТАВА-ПІВД.,27,07:38,07:11,0,1
2026-10-07 21:45:48,7/8|ОДЕСА-ГОЛОВНА@20261007-2045,7/8|ОДЕСА-ГОЛОВНА,6,ХАРКІВ-ПАС.,27,09:41,09:14,0,1
